old_path	new_path	moved	file_type_guess	reason
audit_work/repair_round1_summary_20260602_200322.md	audit_work/repair_audits/repair_round1_summary_20260602_200322.md	True	audit_reorganization	audit_reorganization
audit_work/scored_report_sample_audit_20260602_193922.summary.md	audit_work/repair_audits/scored_report_sample_audit_20260602_193922.summary.md	True	audit_reorganization	audit_reorganization
audit_work/codex_step1b_two_blockers_repair_summary_20260604_215206.md	audit_work/repair_audits/codex_step1b_two_blockers_repair_summary_20260604_215206.md	True	audit_reorganization	audit_reorganization
audit_work/duplicate_report_audit_after_recreated_stale_quarantine_20260603_000911.summary.md	audit_work/repair_audits/duplicate_report_audit_after_recreated_stale_quarantine_20260603_000911.summary.md	True	audit_reorganization	audit_reorganization
audit_work/PROTOCOL_RECHECK_FINAL_REPORT_20260604_172332.md	audit_work/final_reports/PROTOCOL_RECHECK_FINAL_REPORT_20260604_172332.md	True	audit_reorganization	audit_reorganization
audit_work/continuous_completion_master_queue_20260604_131856.summary.md	audit_work/queues/continuous_completion_master_queue_20260604_131856.summary.md	True	audit_reorganization	audit_reorganization
audit_work/CODEX_STEP1_FINAL_STATUS_VERIFICATION_REPORT_20260604_211018.md	audit_work/final_reports/CODEX_STEP1_FINAL_STATUS_VERIFICATION_REPORT_20260604_211018.md	True	audit_reorganization	audit_reorganization
audit_work/history_audit_report.md	audit_work/repair_audits/history_audit_report.md	True	audit_reorganization	audit_reorganization
audit_work/protocol_repair_final_git_status_20260604_182052.md	audit_work/repair_audits/protocol_repair_final_git_status_20260604_182052.md	True	audit_reorganization	audit_reorganization
audit_work/DATA_MISMATCH_AND_NUCLEAR_LE3_RECHECK_REPORT_20260604_183413.md	audit_work/final_reports/DATA_MISMATCH_AND_NUCLEAR_LE3_RECHECK_REPORT_20260604_183413.md	True	audit_reorganization	audit_reorganization
audit_work/CODEX_STEP1_FINAL_STATUS_VERIFICATION_REPORT_20260604_210250.md	audit_work/final_reports/CODEX_STEP1_FINAL_STATUS_VERIFICATION_REPORT_20260604_210250.md	True	audit_reorganization	audit_reorganization
audit_work/FINAL_VERIFIED_ACCEPTANCE_REPORT_20260604_203917.md	audit_work/final_reports/FINAL_VERIFIED_ACCEPTANCE_REPORT_20260604_203917.md	True	audit_reorganization	audit_reorganization
audit_work/quarantine_violation_audit_20260602_232636.summary.md	audit_work/repair_audits/quarantine_violation_audit_20260602_232636.summary.md	True	audit_reorganization	audit_reorganization
audit_work/CODEX_STEP1D_FINAL_STATUS_VERIFICATION_REPORT_20260604_230930.md	audit_work/final_reports/CODEX_STEP1D_FINAL_STATUS_VERIFICATION_REPORT_20260604_230930.md	True	audit_reorganization	audit_reorganization
audit_work/IF_PAE_MISMATCH_ACCEPTANCE_REPORT_20260604_193703.md	audit_work/final_reports/IF_PAE_MISMATCH_ACCEPTANCE_REPORT_20260604_193703.md	True	audit_reorganization	audit_reorganization
audit_work/recovery_master_queue_20260603_204714.summary.md	audit_work/queues/recovery_master_queue_20260603_204714.summary.md	True	audit_reorganization	audit_reorganization
audit_work/CODEX_STEP2A_STRUCTURE_AUDIT_AND_PLAN_REPORT_20260605_005958.md	audit_work/final_reports/CODEX_STEP2A_STRUCTURE_AUDIT_AND_PLAN_REPORT_20260605_005958.md	True	audit_reorganization	audit_reorganization
audit_work/FINAL_DELIVERY_REPORT_20260604_171823.md	audit_work/final_reports/FINAL_DELIVERY_REPORT_20260604_171823.md	True	audit_reorganization	audit_reorganization
audit_work/CODEX_STEP1_FINAL_STATUS_VERIFICATION_REPORT_20260604_211724.md	audit_work/final_reports/CODEX_STEP1_FINAL_STATUS_VERIFICATION_REPORT_20260604_211724.md	True	audit_reorganization	audit_reorganization
audit_work/claude_history_audit_prompt.md	audit_work/repair_audits/claude_history_audit_prompt.md	True	audit_reorganization	audit_reorganization
audit_work/recovery_master_completion_audit_20260604_111817.summary.md	audit_work/repair_audits/recovery_master_completion_audit_20260604_111817.summary.md	True	audit_reorganization	audit_reorganization
audit_work/engineering_step2a_target_structure_plan_20260605_005958.md	audit_work/engineering/engineering_step2a_target_structure_plan_20260605_005958.md	True	audit_reorganization	audit_reorganization
audit_work/PROTOCOL_REPAIR_ACCEPTANCE_REPORT_20260604_182052.md	audit_work/final_reports/PROTOCOL_REPAIR_ACCEPTANCE_REPORT_20260604_182052.md	True	audit_reorganization	audit_reorganization
audit_work/duplicate_report_audit_after_quarantine_20260602_225535.summary.md	audit_work/repair_audits/duplicate_report_audit_after_quarantine_20260602_225535.summary.md	True	audit_reorganization	audit_reorganization
audit_work/CODEX_STEP1_FINAL_STATUS_VERIFICATION_REPORT_20260604_215236.md	audit_work/final_reports/CODEX_STEP1_FINAL_STATUS_VERIFICATION_REPORT_20260604_215236.md	True	audit_reorganization	audit_reorganization
audit_work/codex_step1b_two_blockers_repair_summary_20260604_215056.md	audit_work/repair_audits/codex_step1b_two_blockers_repair_summary_20260604_215056.md	True	audit_reorganization	audit_reorganization
audit_work/audit_actionable_20260601_120305.tsv	audit_work/repair_audits/audit_actionable_20260601_120305.tsv	True	audit_reorganization	audit_reorganization
audit_work/parallel_recovery_queue_20260604_013811.tsv	audit_work/queues/parallel_recovery_queue_20260604_013811.tsv	True	audit_reorganization	audit_reorganization
audit_work/recovery_false_rejection_queue_20260603_204714.tsv	audit_work/queues/recovery_false_rejection_queue_20260603_204714.tsv	True	audit_reorganization	audit_reorganization
audit_work/protocol_recheck_status_snapshot_20260604_172332.tsv	audit_work/final_reports/protocol_recheck_status_snapshot_20260604_172332.tsv	True	audit_reorganization	audit_reorganization
audit_work/data_absence_mismatch_audit_20260602_032944.tsv	audit_work/repair_audits/data_absence_mismatch_audit_20260602_032944.tsv	True	audit_reorganization	audit_reorganization
audit_work/critical_false_rejection_reopen_queue_20260604_113712.tsv	audit_work/queues/critical_false_rejection_reopen_queue_20260604_113712.tsv	True	audit_reorganization	audit_reorganization
audit_work/missing_excel_gene_evaluation_queue_20260604_133115.tsv	audit_work/queues/missing_excel_gene_evaluation_queue_20260604_133115.tsv	True	audit_reorganization	audit_reorganization
audit_work/recovery_batch1_audit_20260603_210311.tsv	audit_work/repair_audits/recovery_batch1_audit_20260603_210311.tsv	True	audit_reorganization	audit_reorganization
audit_work/duplicate_report_audit_20260602_223514.tsv	audit_work/repair_audits/duplicate_report_audit_20260602_223514.tsv	True	audit_reorganization	audit_reorganization
audit_work/protocol_recheck_next_action_queue_20260604_172332.tsv	audit_work/final_reports/protocol_recheck_next_action_queue_20260604_172332.tsv	True	audit_reorganization	audit_reorganization
audit_work/duplicate_report_audit_after_quarantine_20260602_225535.tsv	audit_work/repair_audits/duplicate_report_audit_after_quarantine_20260602_225535.tsv	True	audit_reorganization	audit_reorganization
audit_work/fast_batch_quality_audit_20260602_191138.tsv	audit_work/repair_audits/fast_batch_quality_audit_20260602_191138.tsv	True	audit_reorganization	audit_reorganization
audit_work/codex_step1b_two_blockers_repair_audit_20260604_215206.tsv	audit_work/repair_audits/codex_step1b_two_blockers_repair_audit_20260604_215206.tsv	True	audit_reorganization	audit_reorganization
audit_work/full_reevaluate_harvest_gap_audit_20260603_203718.tsv	audit_work/repair_audits/full_reevaluate_harvest_gap_audit_20260603_203718.tsv	True	audit_reorganization	audit_reorganization
audit_work/protocol_recheck_incomplete_reports_20260604_172332.tsv	audit_work/final_reports/protocol_recheck_incomplete_reports_20260604_172332.tsv	True	audit_reorganization	audit_reorganization
audit_work/recovery_master_completion_audit_20260604_111817.tsv	audit_work/repair_audits/recovery_master_completion_audit_20260604_111817.tsv	True	audit_reorganization	audit_reorganization
audit_work/data_absence_mismatch_deep_audit_20260604_183229.tsv	audit_work/repair_audits/data_absence_mismatch_deep_audit_20260604_183229.tsv	True	audit_reorganization	audit_reorganization
audit_work/final_duplicate_audit_20260604_171823.tsv	audit_work/repair_audits/final_duplicate_audit_20260604_171823.tsv	True	audit_reorganization	audit_reorganization
audit_work/codex_step1_if_pae_true_mismatch_check_20260604_210250.tsv	audit_work/repair_audits/codex_step1_if_pae_true_mismatch_check_20260604_210250.tsv	True	audit_reorganization	audit_reorganization
audit_work/engineering_step2a_file_tree_snapshot_20260605_005958.tsv	audit_work/engineering/engineering_step2a_file_tree_snapshot_20260605_005958.tsv	True	audit_reorganization	audit_reorganization
audit_work/fast_batch_quality_audit_20260602_191202.tsv	audit_work/repair_audits/fast_batch_quality_audit_20260602_191202.tsv	True	audit_reorganization	audit_reorganization
audit_work/next_session_thin_rejected_harvest_queue_20260604_182052.tsv	audit_work/queues/next_session_thin_rejected_harvest_queue_20260604_182052.tsv	True	audit_reorganization	audit_reorganization
audit_work/repair_round1_genes_20260602_195524.tsv	audit_work/repair_audits/repair_round1_genes_20260602_195524.tsv	True	audit_reorganization	audit_reorganization
audit_work/fast_batch_quality_audit_20260602_152933.tsv	audit_work/repair_audits/fast_batch_quality_audit_20260602_152933.tsv	True	audit_reorganization	audit_reorganization
audit_work/recovery_master_queue_20260603_204714.tsv	audit_work/queues/recovery_master_queue_20260603_204714.tsv	True	audit_reorganization	audit_reorganization
audit_work/post_recovery_duplicate_audit_20260604_112013.tsv	audit_work/repair_audits/post_recovery_duplicate_audit_20260604_112013.tsv	True	audit_reorganization	audit_reorganization
audit_work/codex_step1b_two_blockers_repair_audit_20260604_215056.tsv	audit_work/repair_audits/codex_step1b_two_blockers_repair_audit_20260604_215056.tsv	True	audit_reorganization	audit_reorganization
audit_work/codex_step1_if_pae_true_mismatch_check_20260604_211018.tsv	audit_work/repair_audits/codex_step1_if_pae_true_mismatch_check_20260604_211018.tsv	True	audit_reorganization	audit_reorganization
audit_work/protocol_recheck_excel_coverage_20260604_172332.tsv	audit_work/final_reports/protocol_recheck_excel_coverage_20260604_172332.tsv	True	audit_reorganization	audit_reorganization
audit_work/audit_then_fix_batches_20260602_193922.tsv	audit_work/repair_audits/audit_then_fix_batches_20260602_193922.tsv	True	audit_reorganization	audit_reorganization
audit_work/scored_report_sample_audit_20260602_193922.tsv	audit_work/repair_audits/scored_report_sample_audit_20260602_193922.tsv	True	audit_reorganization	audit_reorganization
audit_work/false_absence_repair_queue_20260604_221004.tsv	audit_work/repair_audits/false_absence_repair_queue_20260604_221004.tsv	True	audit_reorganization	audit_reorganization
audit_work/full_reevaluate_harvest_gap_audit_20260603_203823.tsv	audit_work/repair_audits/full_reevaluate_harvest_gap_audit_20260603_203823.tsv	True	audit_reorganization	audit_reorganization
audit_work/continuous_completion_master_queue_20260604_131856.tsv	audit_work/queues/continuous_completion_master_queue_20260604_131856.tsv	True	audit_reorganization	audit_reorganization
audit_work/broken_report_audit_20260601_154641.tsv	audit_work/repair_audits/broken_report_audit_20260601_154641.tsv	True	audit_reorganization	audit_reorganization
audit_work/full_reevaluate_false_rejection_risk_audit_20260603_203855.tsv	audit_work/repair_audits/full_reevaluate_false_rejection_risk_audit_20260603_203855.tsv	True	audit_reorganization	audit_reorganization
audit_work/final_excel_coverage_audit_20260604_171823.tsv	audit_work/repair_audits/final_excel_coverage_audit_20260604_171823.tsv	True	audit_reorganization	audit_reorganization
audit_work/duplicate_report_audit_after_recreated_stale_quarantine_20260603_000911.tsv	audit_work/repair_audits/duplicate_report_audit_after_recreated_stale_quarantine_20260603_000911.tsv	True	audit_reorganization	audit_reorganization
audit_work/protocol_recheck_duplicate_audit_20260604_172332.tsv	audit_work/final_reports/protocol_recheck_duplicate_audit_20260604_172332.tsv	True	audit_reorganization	audit_reorganization
audit_work/full_reevaluate_queue_consistency_audit_20260603_203649.tsv	audit_work/repair_audits/full_reevaluate_queue_consistency_audit_20260603_203649.tsv	True	audit_reorganization	audit_reorganization
audit_work/remaining_rejected_false_negative_audit_20260604_111921.tsv	audit_work/repair_audits/remaining_rejected_false_negative_audit_20260604_111921.tsv	True	audit_reorganization	audit_reorganization
audit_work/quarantine_violation_audit_20260602_232556.tsv	audit_work/repair_audits/quarantine_violation_audit_20260602_232556.tsv	True	audit_reorganization	audit_reorganization
audit_work/recovery_harvest_gap_queue_20260603_204714.tsv	audit_work/queues/recovery_harvest_gap_queue_20260603_204714.tsv	True	audit_reorganization	audit_reorganization
audit_work/codex_step1_if_pae_true_mismatch_check_20260604_215236.tsv	audit_work/repair_audits/codex_step1_if_pae_true_mismatch_check_20260604_215236.tsv	True	audit_reorganization	audit_reorganization
audit_work/if_pae_audit_false_positive_registry_20260604_193703.tsv	audit_work/repair_audits/if_pae_audit_false_positive_registry_20260604_193703.tsv	True	audit_reorganization	audit_reorganization
audit_work/protocol_repair_acceptance_snapshot_20260604_182052.tsv	audit_work/repair_audits/protocol_repair_acceptance_snapshot_20260604_182052.tsv	True	audit_reorganization	audit_reorganization
audit_work/full_reevaluate_sample_quality_audit_20260603_203926.tsv	audit_work/repair_audits/full_reevaluate_sample_quality_audit_20260603_203926.tsv	True	audit_reorganization	audit_reorganization
audit_work/report_quality_audit_20260601_120229.tsv	audit_work/repair_audits/report_quality_audit_20260601_120229.tsv	True	audit_reorganization	audit_reorganization
audit_work/fast_batch_quality_audit_20260602_152422.tsv	audit_work/repair_audits/fast_batch_quality_audit_20260602_152422.tsv	True	audit_reorganization	audit_reorganization
audit_work/false_absence_harvest_failure_audit_20260604_220809.tsv	audit_work/repair_audits/false_absence_harvest_failure_audit_20260604_220809.tsv	True	audit_reorganization	audit_reorganization
audit_work/repair_round1_targeted_audit_20260602_200315.tsv	audit_work/repair_audits/repair_round1_targeted_audit_20260602_200315.tsv	True	audit_reorganization	audit_reorganization
audit_work/codex_step1_if_pae_true_mismatch_check_20260604_211724.tsv	audit_work/repair_audits/codex_step1_if_pae_true_mismatch_check_20260604_211724.tsv	True	audit_reorganization	audit_reorganization
log/claude_sheet3_batch005a_20260531.md	logs/claude_sheet3_batch005a_20260531.md	True	log	audit_reorganization
log/claude_sheet3_gap_next5b_20260601_030300.md	logs/claude_sheet3_gap_next5b_20260601_030300.md	True	log	audit_reorganization
log/cleanup-2026-05-29.md	logs/cleanup-2026-05-29.md	True	log	audit_reorganization
log/claude_audit_repair_final_20260601_120652.md	logs/claude_audit_repair_final_20260601_120652.md	True	log	audit_reorganization
log/claude_sheet3_batch004a_20260531.md	logs/claude_sheet3_batch004a_20260531.md	True	log	audit_reorganization
log/claude_sheet3_gap_next5_20260601_030214.md	logs/claude_sheet3_gap_next5_20260601_030214.md	True	log	audit_reorganization
log/codex_sheet3_batch002_reharvest_correction_20260531_1525.md	logs/codex_sheet3_batch002_reharvest_correction_20260531_1525.md	True	log	audit_reorganization
log/claude_sheet3_batch002_20260531_150424.md	logs/claude_sheet3_batch002_20260531_150424.md	True	log	audit_reorganization
log/claude_sheet3_batch004b_20260531.md	logs/claude_sheet3_batch004b_20260531.md	True	log	audit_reorganization
log/claude_sheet3_batch005b_20260531.md	logs/claude_sheet3_batch005b_20260531.md	True	log	audit_reorganization
log/claude_sheet3_batch001_part2_20260531_1510.md	logs/claude_sheet3_batch001_part2_20260531_1510.md	True	log	audit_reorganization
log/operations-2026-05-29.md	logs/operations-2026-05-29.md	True	log	audit_reorganization
log/claude_sheet3_batch001_20260531_123728.md	logs/claude_sheet3_batch001_20260531_123728.md	True	log	audit_reorganization
log/claude_sheet3_batch006a_20260531.md	logs/claude_sheet3_batch006a_20260531.md	True	log	audit_reorganization
log/pdb-discoveries-2026-05-29.md	logs/pdb-discoveries-2026-05-29.md	True	log	audit_reorganization
log/claude_audit_repair_20260601_120412.md	logs/claude_audit_repair_20260601_120412.md	True	log	audit_reorganization
log/execution-2026-05-30.md	logs/execution-2026-05-30.md	True	log	audit_reorganization
log/claude_sheet3_batch003_20260531.md	logs/claude_sheet3_batch003_20260531.md	True	log	audit_reorganization
gen_batch345_reports.py	scripts/gen_batch345_reports.py	True	script	audit_reorganization
gen_all_reports.py	scripts/gen_all_reports.py	True	script	audit_reorganization
gen_batch_d_reports.py	scripts/gen_batch_d_reports.py	True	script	audit_reorganization
gen_96_ready.py	scripts/gen_96_ready.py	True	script	audit_reorganization
gen_180_ready.py	scripts/gen_180_ready.py	True	script	audit_reorganization
gen_30_ready.py	scripts/gen_30_ready.py	True	script	audit_reorganization
gen_80_reeval.py	scripts/gen_80_reeval.py	True	script	audit_reorganization
gen_c_batch_reports.py	scripts/gen_c_batch_reports.py	True	script	audit_reorganization
gen_74_reports.py	scripts/gen_74_reports.py	True	script	audit_reorganization
gen_76_batch2.py	scripts/gen_76_batch2.py	True	script	audit_reorganization
gen_ready_D.py	scripts/gen_ready_D.py	True	script	audit_reorganization
gen_batch_9_10_11.py	scripts/gen_batch_9_10_11.py	True	script	audit_reorganization
gen_63_remaining.py	scripts/gen_63_remaining.py	True	script	audit_reorganization
gen_all_180.py	scripts/gen_all_180.py	True	script	audit_reorganization
gen_batch_e_reports.py	scripts/gen_batch_e_reports.py	True	script	audit_reorganization
gen_reports.py	scripts/gen_reports.py	True	script	audit_reorganization
gen_27_n_reeval.py	scripts/gen_27_n_reeval.py	True	script	audit_reorganization
gen_batch_45_reeval.py	scripts/gen_batch_45_reeval.py	True	script	audit_reorganization
gen_30_reeval_batch.py	scripts/gen_30_reeval_batch.py	True	script	audit_reorganization
gen_batch_26.py	scripts/gen_batch_26.py	True	script	audit_reorganization
gen_9_dnajc_reports.py	scripts/gen_9_dnajc_reports.py	True	script	audit_reorganization
gen_25_reports.py	scripts/gen_25_reports.py	True	script	audit_reorganization
gen_66_c_ready.py	scripts/gen_66_c_ready.py	True	script	audit_reorganization
gen_25_recovery.py	scripts/gen_25_recovery.py	True	script	audit_reorganization
gen_full_reeval.py	scripts/gen_full_reeval.py	True	script	audit_reorganization
gen_recovery_batch23.py	scripts/gen_recovery_batch23.py	True	script	audit_reorganization
gen_113_reports.py	scripts/gen_113_reports.py	True	script	audit_reorganization
gen_76_fast.py	scripts/gen_76_fast.py	True	script	audit_reorganization
gen_batch6_reports.py	scripts/gen_batch6_reports.py	True	script	audit_reorganization
gen_30_reeval.py	scripts/gen_30_reeval.py	True	script	audit_reorganization
gen_112_batch.py	scripts/gen_112_batch.py	True	script	audit_reorganization
write_all_reports.py	scripts/write_all_reports.py	True	script	audit_reorganization
generate_d_reports.py	scripts/generate_d_reports.py	True	script	audit_reorganization
fix_literature.py	scripts/fix_literature.py	True	script	audit_reorganization
batch_pubmed.py	scripts/batch_pubmed.py	True	script	audit_reorganization
fix_image_paths.py	scripts/fix_image_paths.py	True	script	audit_reorganization
batch_alphafold.py	scripts/batch_alphafold.py	True	script	audit_reorganization
write_reports.py	scripts/write_reports.py	True	script	audit_reorganization
fetch_if_images.py	scripts/fetch_if_images.py	True	script	audit_reorganization
batch_intact.py	scripts/batch_intact.py	True	script	audit_reorganization
generate_dirs.py	scripts/generate_dirs.py	True	script	audit_reorganization
download_if.py	scripts/download_if.py	True	script	audit_reorganization
download_if2.py	scripts/download_if2.py	True	script	audit_reorganization
query_uniprot.py	scripts/query_uniprot.py	True	script	audit_reorganization
download_pae.py	scripts/download_pae.py	True	script	audit_reorganization
batch_uniprot.py	scripts/batch_uniprot.py	True	script	audit_reorganization
batch_alphafold2.py	scripts/batch_alphafold2.py	True	script	audit_reorganization
batch_sheet4.py	scripts/batch_sheet4.py	True	script	audit_reorganization
download_assets.py	scripts/download_assets.py	True	script	audit_reorganization
fix_all_v2.py	scripts/fix_all_v2.py	True	script	audit_reorganization
fix_all.py	scripts/fix_all.py	True	script	audit_reorganization
fix_ppi_table.py	scripts/fix_ppi_table.py	True	script	audit_reorganization
batch_finish_sheet3.py	scripts/batch_finish_sheet3.py	True	script	audit_reorganization
batch_string.py	scripts/batch_string.py	True	script	audit_reorganization
batch_query.py	scripts/batch_query.py	True	script	audit_reorganization
batch_all.py	scripts/batch_all.py	True	script	audit_reorganization
generate_d_reports_v2.py	scripts/generate_d_reports_v2.py	True	script	audit_reorganization
fix_af_data.py	scripts/fix_af_data.py	True	script	audit_reorganization
k_l_uniprot_data.json	data/processed/k_l_uniprot_data.json	True	data	audit_reorganization
batch_results.json	data/processed/batch_results.json	True	data	audit_reorganization
k_l_intact.json	data/processed/k_l_intact.json	True	data	audit_reorganization
rescue_uniprot.json	data/processed/rescue_uniprot.json	True	data	audit_reorganization
k_l_full_data.json	data/processed/k_l_full_data.json	True	data	audit_reorganization
rescue_move_log.json	data/processed/rescue_move_log.json	True	data	audit_reorganization
k_l_uniprot_final.json	data/processed/k_l_uniprot_final.json	True	data	audit_reorganization
rescue_scores.json	data/processed/rescue_scores.json	True	data	audit_reorganization
k_l_batch_data.json	data/processed/k_l_batch_data.json	True	data	audit_reorganization
rescue_alphafold.json	data/processed/rescue_alphafold.json	True	data	audit_reorganization
k_l_alphafold.json	data/processed/k_l_alphafold.json	True	data	audit_reorganization
batch_manifest.json	data/processed/batch_manifest.json	True	data	audit_reorganization
batch_all_data.json	data/processed/batch_all_data.json	True	data	audit_reorganization
hpa_rescue_results.json	data/processed/hpa_rescue_results.json	True	data	audit_reorganization
batch_manifest.example.json	data/processed/batch_manifest.example.json	True	data	audit_reorganization
_cache/pdb_Q6PIW4.json	data/processed/pdb_Q6PIW4.json	True	cache_cleanup	audit_reorganization
_cache/ij_intact.json	data/processed/ij_intact.json	True	cache_cleanup	audit_reorganization
_cache/uniprot_Q8IYI0.json	data/processed/uniprot_Q8IYI0.json	True	cache_cleanup	audit_reorganization
_cache/ij_uniprot.json	data/processed/ij_uniprot.json	True	cache_cleanup	audit_reorganization
_cache/pdb_P61970.json	data/processed/pdb_P61970.json	True	cache_cleanup	audit_reorganization
_cache/uniprot_Q9UKT7.json	data/processed/uniprot_Q9UKT7.json	True	cache_cleanup	audit_reorganization
_cache/string2_EVX2.json	data/processed/string2_EVX2.json	True	cache_cleanup	audit_reorganization
_cache/af_P61970.json	data/processed/af_P61970.json	True	cache_cleanup	audit_reorganization
_cache/pubmed2_EYA3.json	data/processed/pubmed2_EYA3.json	True	cache_cleanup	audit_reorganization
_cache/intact_SAMD1.tsv	data/processed/intact_SAMD1.tsv	True	cache_cleanup	audit_reorganization
_cache/af_Q6PIW4.json	data/processed/af_Q6PIW4.json	True	cache_cleanup	audit_reorganization
_cache/string_SHLD1.json	data/processed/string_SHLD1.json	True	cache_cleanup	audit_reorganization
_cache/af_Q03828.json	data/processed/af_Q03828.json	True	cache_cleanup	audit_reorganization
_cache/pdb_Q03828.json	data/processed/pdb_Q03828.json	True	cache_cleanup	audit_reorganization
_cache/pubmed2_SAMD1.json	data/processed/pubmed2_SAMD1.json	True	cache_cleanup	audit_reorganization
_cache/intact_EYA3.tsv	data/processed/intact_EYA3.tsv	True	cache_cleanup	audit_reorganization
_cache/pubmed_SAMD1.json	data/processed/pubmed_SAMD1.json	True	cache_cleanup	audit_reorganization
_cache/uniprot_Q6SPF0.json	data/processed/uniprot_Q6SPF0.json	True	cache_cleanup	audit_reorganization
_cache/pdb_Q99504.json	data/processed/pdb_Q99504.json	True	cache_cleanup	audit_reorganization
_cache/string_FBXL3.json	data/processed/string_FBXL3.json	True	cache_cleanup	audit_reorganization
_cache/string2_SRP68.json	data/processed/string2_SRP68.json	True	cache_cleanup	audit_reorganization
_cache/ij_string.json	data/processed/ij_string.json	True	cache_cleanup	audit_reorganization
_cache/pubmed_EVX2.json	data/processed/pubmed_EVX2.json	True	cache_cleanup	audit_reorganization
_cache/af_Q99504.json	data/processed/af_Q99504.json	True	cache_cleanup	audit_reorganization
_cache/intact_FIGNL1.tsv	data/processed/intact_FIGNL1.tsv	True	cache_cleanup	audit_reorganization
_cache/string_NUTF2.json	data/processed/string_NUTF2.json	True	cache_cleanup	audit_reorganization
_cache/ij_hpa_detail.json	data/processed/ij_hpa_detail.json	True	cache_cleanup	audit_reorganization
_cache/string_EYA3.json	data/processed/string_EYA3.json	True	cache_cleanup	audit_reorganization
_cache/pdb_Q9UHB9.json	data/processed/pdb_Q9UHB9.json	True	cache_cleanup	audit_reorganization
_cache/ij_pubmed.json	data/processed/ij_pubmed.json	True	cache_cleanup	audit_reorganization
_cache/af_Q9UHB9.json	data/processed/af_Q9UHB9.json	True	cache_cleanup	audit_reorganization
_cache/pubmed2_SRP68.json	data/processed/pubmed2_SRP68.json	True	cache_cleanup	audit_reorganization
_cache/pubmed_SRP68.json	data/processed/pubmed_SRP68.json	True	cache_cleanup	audit_reorganization
_cache/pubmed2_FIGNL1.json	data/processed/pubmed2_FIGNL1.json	True	cache_cleanup	audit_reorganization
_cache/intact_SRP68.tsv	data/processed/intact_SRP68.tsv	True	cache_cleanup	audit_reorganization
_cache/pdb_Q6SPF0.json	data/processed/pdb_Q6SPF0.json	True	cache_cleanup	audit_reorganization
_cache/string2_SHLD1.json	data/processed/string2_SHLD1.json	True	cache_cleanup	audit_reorganization
_cache/uniprot_Q03828.json	data/processed/uniprot_Q03828.json	True	cache_cleanup	audit_reorganization
_cache/pubmed2_EVX2.json	data/processed/pubmed2_EVX2.json	True	cache_cleanup	audit_reorganization
_cache/af_Q6SPF0.json	data/processed/af_Q6SPF0.json	True	cache_cleanup	audit_reorganization
_cache/intact_EVX2.tsv	data/processed/intact_EVX2.tsv	True	cache_cleanup	audit_reorganization
_cache/af_Q8IYI0.json	data/processed/af_Q8IYI0.json	True	cache_cleanup	audit_reorganization
_cache/string_SAMD1.json	data/processed/string_SAMD1.json	True	cache_cleanup	audit_reorganization
_cache/ij_hpa.json	data/processed/ij_hpa.json	True	cache_cleanup	audit_reorganization
_cache/af_Q9UKT7.json	data/processed/af_Q9UKT7.json	True	cache_cleanup	audit_reorganization
_cache/pdb_Q9UKT7.json	data/processed/pdb_Q9UKT7.json	True	cache_cleanup	audit_reorganization
_cache/uniprot_P61970.json	data/processed/uniprot_P61970.json	True	cache_cleanup	audit_reorganization
_cache/pubmed_SHLD1.json	data/processed/pubmed_SHLD1.json	True	cache_cleanup	audit_reorganization
_cache/pubmed2_SHLD1.json	data/processed/pubmed2_SHLD1.json	True	cache_cleanup	audit_reorganization
_cache/pdb_Q8IYI0.json	data/processed/pdb_Q8IYI0.json	True	cache_cleanup	audit_reorganization
_cache/intact_SHLD1.tsv	data/processed/intact_SHLD1.tsv	True	cache_cleanup	audit_reorganization
_cache/uniprot_Q6PIW4.json	data/processed/uniprot_Q6PIW4.json	True	cache_cleanup	audit_reorganization
_cache/string2_NUTF2.json	data/processed/string2_NUTF2.json	True	cache_cleanup	audit_reorganization
_cache/intact_FBXL3.tsv	data/processed/intact_FBXL3.tsv	True	cache_cleanup	audit_reorganization
_cache/pubmed_EYA3.json	data/processed/pubmed_EYA3.json	True	cache_cleanup	audit_reorganization
_cache/pubmed_FIGNL1.json	data/processed/pubmed_FIGNL1.json	True	cache_cleanup	audit_reorganization
_cache/uniprot_Q9UHB9.json	data/processed/uniprot_Q9UHB9.json	True	cache_cleanup	audit_reorganization
_cache/pubmed2_FBXL3.json	data/processed/pubmed2_FBXL3.json	True	cache_cleanup	audit_reorganization
_cache/pubmed_FBXL3.json	data/processed/pubmed_FBXL3.json	True	cache_cleanup	audit_reorganization
_cache/string2_FBXL3.json	data/processed/string2_FBXL3.json	True	cache_cleanup	audit_reorganization
_cache/string_EVX2.json	data/processed/string_EVX2.json	True	cache_cleanup	audit_reorganization
_cache/string_SRP68.json	data/processed/string_SRP68.json	True	cache_cleanup	audit_reorganization
_cache/string_FIGNL1.json	data/processed/string_FIGNL1.json	True	cache_cleanup	audit_reorganization
_cache/intact_NUTF2.tsv	data/processed/intact_NUTF2.tsv	True	cache_cleanup	audit_reorganization
_cache/ij_alphafold.json	data/processed/ij_alphafold.json	True	cache_cleanup	audit_reorganization
_cache/uniprot_Q99504.json	data/processed/uniprot_Q99504.json	True	cache_cleanup	audit_reorganization
_cache/pubmed2_NUTF2.json	data/processed/pubmed2_NUTF2.json	True	cache_cleanup	audit_reorganization
_cache/pubmed_NUTF2.json	data/processed/pubmed_NUTF2.json	True	cache_cleanup	audit_reorganization
