gene	current_path	status	current_lines	current_chars	risk	issues	existed_in_prev_commit	prev_commit	prev_lines	prev_chars	recommended_action	reason
AAAS	detail/rejected/AAAS/AAAS-evaluation.md	rejected	11	346	CRITICAL	THIN,SHORT_REJECTED	True		0	0	FULL_REEVALUATE	Thin rejected (11L) — must evaluate from scratch
AAMDC	detail/rejected/AAMDC/AAMDC-evaluation.md	rejected	11	186	CRITICAL	THIN,SHORT_REJECTED	False		0	0	FULL_REEVALUATE	Thin rejected (11L) — must evaluate from scratch
ABCA13	detail/rejected/ABCA13/ABCA13-evaluation.md	rejected	11	162	CRITICAL	THIN,SHORT_REJECTED,PACKET_ERROR	False		0	0	FULL_REEVALUATE	Packet error — no valid data
ABCA17	detail/rejected/ABCA17/ABCA17-evaluation.md	rejected	11	162	CRITICAL	THIN,SHORT_REJECTED,PACKET_ERROR	False		0	0	FULL_REEVALUATE	Packet error — no valid data
ABCA2	detail/rejected/ABCA2/ABCA2-evaluation.md	rejected	11	160	CRITICAL	THIN,SHORT_REJECTED,PACKET_ERROR	False		0	0	FULL_REEVALUATE	Packet error — no valid data
ABCA3	detail/rejected/ABCA3/ABCA3-evaluation.md	rejected	11	160	CRITICAL	THIN,SHORT_REJECTED,PACKET_ERROR	False		0	0	FULL_REEVALUATE	Packet error — no valid data
ABITRAM	detail/rejected/ABITRAM/ABITRAM-evaluation.md	rejected	11	190	CRITICAL	THIN,SHORT_REJECTED	False		0	0	FULL_REEVALUATE	Thin rejected (11L) — must evaluate from scratch
ABLIM3	detail/rejected/ABLIM3/ABLIM3-evaluation.md	rejected	11	188	CRITICAL	THIN,SHORT_REJECTED	False		0	0	FULL_REEVALUATE	Thin rejected (11L) — must evaluate from scratch
ABRAXAS1	detail/rejected/ABRAXAS1/ABRAXAS1-evaluation.md	rejected	11	192	CRITICAL	THIN,SHORT_REJECTED	False		0	0	FULL_REEVALUATE	Thin rejected (11L) — must evaluate from scratch
ABRAXAS2	detail/rejected/ABRAXAS2/ABRAXAS2-evaluation.md	rejected	11	192	CRITICAL	THIN,SHORT_REJECTED	False		0	0	FULL_REEVALUATE	Thin rejected (11L) — must evaluate from scratch
ABTB2	detail/rejected/ABTB2/ABTB2-evaluation.md	rejected	11	186	CRITICAL	THIN,SHORT_REJECTED	False		0	0	FULL_REEVALUATE	Thin rejected (11L) — must evaluate from scratch
ABTB3	detail/rejected/ABTB3/ABTB3-evaluation.md	rejected	11	186	CRITICAL	THIN,SHORT_REJECTED	False		0	0	FULL_REEVALUATE	Thin rejected (11L) — must evaluate from scratch
ACBD4	detail/rejected/ACBD4/ACBD4-evaluation.md	rejected	11	186	CRITICAL	THIN,SHORT_REJECTED	False		0	0	FULL_REEVALUATE	Thin rejected (11L) — must evaluate from scratch
ACOXL	detail/rejected/ACOXL/ACOXL-evaluation.md	rejected	11	186	CRITICAL	THIN,SHORT_REJECTED	False		0	0	FULL_REEVALUATE	Thin rejected (11L) — must evaluate from scratch
ACP4	detail/rejected/ACP4/ACP4-evaluation.md	rejected	11	184	CRITICAL	THIN,SHORT_REJECTED	False		0	0	FULL_REEVALUATE	Thin rejected (11L) — must evaluate from scratch
ADAM33	detail/rejected/ADAM33/ADAM33-evaluation.md	rejected	11	188	CRITICAL	THIN,SHORT_REJECTED	False		0	0	FULL_REEVALUATE	Thin rejected (11L) — must evaluate from scratch
ADAT3	detail/rejected/ADAT3/ADAT3-evaluation.md	rejected	11	186	CRITICAL	THIN,SHORT_REJECTED	False		0	0	FULL_REEVALUATE	Thin rejected (11L) — must evaluate from scratch
ADPRHL1	detail/rejected/ADPRHL1/ADPRHL1-evaluation.md	rejected	11	190	CRITICAL	THIN,SHORT_REJECTED	False		0	0	FULL_REEVALUATE	Thin rejected (11L) — must evaluate from scratch
ADPRM	detail/rejected/ADPRM/ADPRM-evaluation.md	rejected	11	186	CRITICAL	THIN,SHORT_REJECTED	False		0	0	FULL_REEVALUATE	Thin rejected (11L) — must evaluate from scratch
ADPRS	detail/rejected/ADPRS/ADPRS-evaluation.md	rejected	11	186	CRITICAL	THIN,SHORT_REJECTED	False		0	0	FULL_REEVALUATE	Thin rejected (11L) — must evaluate from scratch
AFMID	detail/rejected/AFMID/AFMID-evaluation.md	rejected	11	186	CRITICAL	THIN,SHORT_REJECTED	False		0	0	FULL_REEVALUATE	Thin rejected (11L) — must evaluate from scratch
AGAP2	detail/rejected/AGAP2/AGAP2-evaluation.md	rejected	11	186	CRITICAL	THIN,SHORT_REJECTED	False		0	0	FULL_REEVALUATE	Thin rejected (11L) — must evaluate from scratch
AGBL5	detail/rejected/AGBL5/AGBL5-evaluation.md	rejected	11	186	CRITICAL	THIN,SHORT_REJECTED	False		0	0	FULL_REEVALUATE	Thin rejected (11L) — must evaluate from scratch
AGFG1	detail/rejected/AGFG1/AGFG1-evaluation.md	rejected	11	186	CRITICAL	THIN,SHORT_REJECTED	False		0	0	FULL_REEVALUATE	Thin rejected (11L) — must evaluate from scratch
AGPAT4	detail/rejected/AGPAT4/AGPAT4-evaluation.md	rejected	11	188	CRITICAL	THIN,SHORT_REJECTED	False		0	0	FULL_REEVALUATE	Thin rejected (11L) — must evaluate from scratch
AGTPBP1	detail/rejected/AGTPBP1/AGTPBP1-evaluation.md	rejected	11	190	CRITICAL	THIN,SHORT_REJECTED	False		0	0	FULL_REEVALUATE	Thin rejected (11L) — must evaluate from scratch
AHCYL2	detail/rejected/AHCYL2/AHCYL2-evaluation.md	rejected	11	188	CRITICAL	THIN,SHORT_REJECTED	False		0	0	FULL_REEVALUATE	Thin rejected (11L) — must evaluate from scratch
AIRIM	detail/rejected/AIRIM/AIRIM-evaluation.md	rejected	11	186	CRITICAL	THIN,SHORT_REJECTED	False		0	0	FULL_REEVALUATE	Thin rejected (11L) — must evaluate from scratch
AKAP6	detail/rejected/AKAP6/AKAP6-evaluation.md	rejected	11	186	CRITICAL	THIN,SHORT_REJECTED	False		0	0	FULL_REEVALUATE	Thin rejected (11L) — must evaluate from scratch
AKAP7	detail/rejected/AKAP7/AKAP7-evaluation.md	rejected	11	186	CRITICAL	THIN,SHORT_REJECTED	False		0	0	FULL_REEVALUATE	Thin rejected (11L) — must evaluate from scratch
AKIP1	detail/rejected/AKIP1/AKIP1-evaluation.md	rejected	11	186	CRITICAL	THIN,SHORT_REJECTED	False		0	0	FULL_REEVALUATE	Thin rejected (11L) — must evaluate from scratch
AKIRIN1	detail/rejected/AKIRIN1/AKIRIN1-evaluation.md	rejected	11	190	CRITICAL	THIN,SHORT_REJECTED	False		0	0	FULL_REEVALUATE	Thin rejected (11L) — must evaluate from scratch
ALG14	detail/rejected/ALG14/ALG14-evaluation.md	rejected	11	186	CRITICAL	THIN,SHORT_REJECTED	False		0	0	FULL_REEVALUATE	Thin rejected (11L) — must evaluate from scratch
ALG8	detail/rejected/ALG8/ALG8-evaluation.md	rejected	11	184	CRITICAL	THIN,SHORT_REJECTED	False		0	0	FULL_REEVALUATE	Thin rejected (11L) — must evaluate from scratch
ALKBH2	detail/rejected/ALKBH2/ALKBH2-evaluation.md	rejected	11	188	CRITICAL	THIN,SHORT_REJECTED	False		0	0	FULL_REEVALUATE	Thin rejected (11L) — must evaluate from scratch
ALKBH6	detail/rejected/ALKBH6/ALKBH6-evaluation.md	rejected	11	188	CRITICAL	THIN,SHORT_REJECTED	False		0	0	FULL_REEVALUATE	Thin rejected (11L) — must evaluate from scratch
AMDHD1	detail/rejected/AMDHD1/AMDHD1-evaluation.md	rejected	11	188	CRITICAL	THIN,SHORT_REJECTED	False		0	0	FULL_REEVALUATE	Thin rejected (11L) — must evaluate from scratch
AMDHD2	detail/rejected/AMDHD2/AMDHD2-evaluation.md	rejected	11	188	CRITICAL	THIN,SHORT_REJECTED	False		0	0	FULL_REEVALUATE	Thin rejected (11L) — must evaluate from scratch
AMER1	detail/rejected/AMER1/AMER1-evaluation.md	rejected	11	186	CRITICAL	THIN,SHORT_REJECTED	False		0	0	FULL_REEVALUATE	Thin rejected (11L) — must evaluate from scratch
ANAPC10	detail/rejected/ANAPC10/ANAPC10-evaluation.md	rejected	11	190	CRITICAL	THIN,SHORT_REJECTED	False		0	0	FULL_REEVALUATE	Thin rejected (11L) — must evaluate from scratch
ANAPC11	detail/rejected/ANAPC11/ANAPC11-evaluation.md	rejected	11	190	CRITICAL	THIN,SHORT_REJECTED	False		0	0	FULL_REEVALUATE	Thin rejected (11L) — must evaluate from scratch
ANAPC13	detail/rejected/ANAPC13/ANAPC13-evaluation.md	rejected	11	190	CRITICAL	THIN,SHORT_REJECTED	False		0	0	FULL_REEVALUATE	Thin rejected (11L) — must evaluate from scratch
ANAPC2	detail/rejected/ANAPC2/ANAPC2-evaluation.md	rejected	11	188	CRITICAL	THIN,SHORT_REJECTED	False		0	0	FULL_REEVALUATE	Thin rejected (11L) — must evaluate from scratch
ANAPC4	detail/rejected/ANAPC4/ANAPC4-evaluation.md	rejected	11	188	CRITICAL	THIN,SHORT_REJECTED	False		0	0	FULL_REEVALUATE	Thin rejected (11L) — must evaluate from scratch
ANAPC5	detail/rejected/ANAPC5/ANAPC5-evaluation.md	rejected	11	188	CRITICAL	THIN,SHORT_REJECTED	False		0	0	FULL_REEVALUATE	Thin rejected (11L) — must evaluate from scratch
ANAPC7	detail/rejected/ANAPC7/ANAPC7-evaluation.md	rejected	11	188	CRITICAL	THIN,SHORT_REJECTED	False		0	0	FULL_REEVALUATE	Thin rejected (11L) — must evaluate from scratch
ANGEL1	detail/rejected/ANGEL1/ANGEL1-evaluation.md	rejected	11	188	CRITICAL	THIN,SHORT_REJECTED	False		0	0	FULL_REEVALUATE	Thin rejected (11L) — must evaluate from scratch
ANGEL2	detail/rejected/ANGEL2/ANGEL2-evaluation.md	rejected	11	188	CRITICAL	THIN,SHORT_REJECTED	False		0	0	FULL_REEVALUATE	Thin rejected (11L) — must evaluate from scratch
ANKEF1	detail/rejected/ANKEF1/ANKEF1-evaluation.md	rejected	11	188	CRITICAL	THIN,SHORT_REJECTED	False		0	0	FULL_REEVALUATE	Thin rejected (11L) — must evaluate from scratch
ANKFN1	detail/rejected/ANKFN1/ANKFN1-evaluation.md	rejected	11	188	CRITICAL	THIN,SHORT_REJECTED	False		0	0	FULL_REEVALUATE	Thin rejected (11L) — must evaluate from scratch
ANKMY2	detail/rejected/ANKMY2/ANKMY2-evaluation.md	rejected	11	188	CRITICAL	THIN,SHORT_REJECTED	False		0	0	FULL_REEVALUATE	Thin rejected (11L) — must evaluate from scratch
ANKRA2	detail/rejected/ANKRA2/ANKRA2-evaluation.md	rejected	11	188	CRITICAL	THIN,SHORT_REJECTED	False		0	0	FULL_REEVALUATE	Thin rejected (11L) — must evaluate from scratch
ANKRD10	detail/rejected/ANKRD10/ANKRD10-evaluation.md	rejected	11	190	CRITICAL	THIN,SHORT_REJECTED	False		0	0	FULL_REEVALUATE	Thin rejected (11L) — must evaluate from scratch
ANKRD12	detail/rejected/ANKRD12/ANKRD12-evaluation.md	rejected	11	190	CRITICAL	THIN,SHORT_REJECTED	False		0	0	FULL_REEVALUATE	Thin rejected (11L) — must evaluate from scratch
ANKRD23	detail/rejected/ANKRD23/ANKRD23-evaluation.md	rejected	11	190	CRITICAL	THIN,SHORT_REJECTED	False		0	0	FULL_REEVALUATE	Thin rejected (11L) — must evaluate from scratch
ANKRD30B	detail/rejected/ANKRD30B/ANKRD30B-evaluation.md	rejected	11	192	CRITICAL	THIN,SHORT_REJECTED	False		0	0	FULL_REEVALUATE	Thin rejected (11L) — must evaluate from scratch
ANKRD34B	detail/rejected/ANKRD34B/ANKRD34B-evaluation.md	rejected	11	192	CRITICAL	THIN,SHORT_REJECTED	False		0	0	FULL_REEVALUATE	Thin rejected (11L) — must evaluate from scratch
ANKRD36	detail/rejected/ANKRD36/ANKRD36-evaluation.md	rejected	11	190	CRITICAL	THIN,SHORT_REJECTED	False		0	0	FULL_REEVALUATE	Thin rejected (11L) — must evaluate from scratch
ANKRD36B	detail/rejected/ANKRD36B/ANKRD36B-evaluation.md	rejected	11	192	CRITICAL	THIN,SHORT_REJECTED	False		0	0	FULL_REEVALUATE	Thin rejected (11L) — must evaluate from scratch
ANKRD37	detail/rejected/ANKRD37/ANKRD37-evaluation.md	rejected	11	190	CRITICAL	THIN,SHORT_REJECTED	False		0	0	FULL_REEVALUATE	Thin rejected (11L) — must evaluate from scratch
ANKRD54	detail/rejected/ANKRD54/ANKRD54-evaluation.md	rejected	11	190	CRITICAL	THIN,SHORT_REJECTED	False		0	0	FULL_REEVALUATE	Thin rejected (11L) — must evaluate from scratch
ANKS1A	detail/rejected/ANKS1A/ANKS1A-evaluation.md	rejected	11	188	CRITICAL	THIN,SHORT_REJECTED	False		0	0	FULL_REEVALUATE	Thin rejected (11L) — must evaluate from scratch
ANKS1B	detail/rejected/ANKS1B/ANKS1B-evaluation.md	rejected	11	188	CRITICAL	THIN,SHORT_REJECTED	False		0	0	FULL_REEVALUATE	Thin rejected (11L) — must evaluate from scratch
ANKS3	detail/rejected/ANKS3/ANKS3-evaluation.md	rejected	11	186	CRITICAL	THIN,SHORT_REJECTED	False		0	0	FULL_REEVALUATE	Thin rejected (11L) — must evaluate from scratch
ANKS4B	detail/rejected/ANKS4B/ANKS4B-evaluation.md	rejected	11	188	CRITICAL	THIN,SHORT_REJECTED	False		0	0	FULL_REEVALUATE	Thin rejected (11L) — must evaluate from scratch
ANKS6	detail/rejected/ANKS6/ANKS6-evaluation.md	rejected	11	186	CRITICAL	THIN,SHORT_REJECTED	False		0	0	FULL_REEVALUATE	Thin rejected (11L) — must evaluate from scratch
ANXA11	detail/rejected/ANXA11/ANXA11-evaluation.md	rejected	11	188	CRITICAL	THIN,SHORT_REJECTED	False		0	0	FULL_REEVALUATE	Thin rejected (11L) — must evaluate from scratch
ANXA13	detail/rejected/ANXA13/ANXA13-evaluation.md	rejected	11	188	CRITICAL	THIN,SHORT_REJECTED	False		0	0	FULL_REEVALUATE	Thin rejected (11L) — must evaluate from scratch
ANXA5	detail/rejected/ANXA5/ANXA5-evaluation.md	rejected	11	186	CRITICAL	THIN,SHORT_REJECTED	False		0	0	FULL_REEVALUATE	Thin rejected (11L) — must evaluate from scratch
ANXA9	detail/rejected/ANXA9/ANXA9-evaluation.md	rejected	11	186	CRITICAL	THIN,SHORT_REJECTED	False		0	0	FULL_REEVALUATE	Thin rejected (11L) — must evaluate from scratch
AOPEP	detail/rejected/AOPEP/AOPEP-evaluation.md	rejected	11	186	CRITICAL	THIN,SHORT_REJECTED	False		0	0	FULL_REEVALUATE	Thin rejected (11L) — must evaluate from scratch
AP3B1	detail/rejected/AP3B1/AP3B1-evaluation.md	rejected	11	186	CRITICAL	THIN,SHORT_REJECTED	False		0	0	FULL_REEVALUATE	Thin rejected (11L) — must evaluate from scratch
AP5B1	detail/rejected/AP5B1/AP5B1-evaluation.md	rejected	11	186	CRITICAL	THIN,SHORT_REJECTED	False		0	0	FULL_REEVALUATE	Thin rejected (11L) — must evaluate from scratch
APBA1	detail/rejected/APBA1/APBA1-evaluation.md	rejected	11	186	CRITICAL	THIN,SHORT_REJECTED	False		0	0	FULL_REEVALUATE	Thin rejected (11L) — must evaluate from scratch
APBB3	detail/rejected/APBB3/APBB3-evaluation.md	rejected	11	186	CRITICAL	THIN,SHORT_REJECTED	False		0	0	FULL_REEVALUATE	Thin rejected (11L) — must evaluate from scratch
APIP	detail/rejected/APIP/APIP-evaluation.md	rejected	11	184	CRITICAL	THIN,SHORT_REJECTED	False		0	0	FULL_REEVALUATE	Thin rejected (11L) — must evaluate from scratch
APLF	detail/rejected/APLF/APLF-evaluation.md	rejected	11	184	CRITICAL	THIN,SHORT_REJECTED	False		0	0	FULL_REEVALUATE	Thin rejected (11L) — must evaluate from scratch
ARFGAP1	detail/rejected/ARFGAP1/ARFGAP1-evaluation.md	rejected	11	190	CRITICAL	THIN,SHORT_REJECTED	False		0	0	FULL_REEVALUATE	Thin rejected (11L) — must evaluate from scratch
ARFIP2	detail/rejected/ARFIP2/ARFIP2-evaluation.md	rejected	11	188	CRITICAL	THIN,SHORT_REJECTED	False		0	0	FULL_REEVALUATE	Thin rejected (11L) — must evaluate from scratch
ARID4A	detail/rejected/ARID4A/ARID4A-evaluation.md	rejected	11	188	CRITICAL	THIN,SHORT_REJECTED	False		0	0	FULL_REEVALUATE	Thin rejected (11L) — must evaluate from scratch
ARIH1	detail/rejected/ARIH1/ARIH1-evaluation.md	rejected	11	186	CRITICAL	THIN,SHORT_REJECTED	False		0	0	FULL_REEVALUATE	Thin rejected (11L) — must evaluate from scratch
ARIH2	detail/rejected/ARIH2/ARIH2-evaluation.md	rejected	11	186	CRITICAL	THIN,SHORT_REJECTED	False		0	0	FULL_REEVALUATE	Thin rejected (11L) — must evaluate from scratch
ARK2N	detail/rejected/ARK2N/ARK2N-evaluation.md	rejected	11	186	CRITICAL	THIN,SHORT_REJECTED	False		0	0	FULL_REEVALUATE	Thin rejected (11L) — must evaluate from scratch
ARL14EP	detail/rejected/ARL14EP/ARL14EP-evaluation.md	rejected	11	190	CRITICAL	THIN,SHORT_REJECTED	False		0	0	FULL_REEVALUATE	Thin rejected (11L) — must evaluate from scratch
ARL2BP	detail/rejected/ARL2BP/ARL2BP-evaluation.md	rejected	11	188	CRITICAL	THIN,SHORT_REJECTED	False		0	0	FULL_REEVALUATE	Thin rejected (11L) — must evaluate from scratch
ARL6	detail/rejected/ARL6/ARL6-evaluation.md	rejected	11	184	CRITICAL	THIN,SHORT_REJECTED	False		0	0	FULL_REEVALUATE	Thin rejected (11L) — must evaluate from scratch
ARMC8	detail/rejected/ARMC8/ARMC8-evaluation.md	rejected	11	186	CRITICAL	THIN,SHORT_REJECTED	False		0	0	FULL_REEVALUATE	Thin rejected (11L) — must evaluate from scratch
ARMCX4	detail/rejected/ARMCX4/ARMCX4-evaluation.md	rejected	11	188	CRITICAL	THIN,SHORT_REJECTED	False		0	0	FULL_REEVALUATE	Thin rejected (11L) — must evaluate from scratch
ARMCX5	detail/rejected/ARMCX5/ARMCX5-evaluation.md	rejected	11	188	CRITICAL	THIN,SHORT_REJECTED	False		0	0	FULL_REEVALUATE	Thin rejected (11L) — must evaluate from scratch
ASAP3	detail/rejected/ASAP3/ASAP3-evaluation.md	rejected	11	186	CRITICAL	THIN,SHORT_REJECTED	False		0	0	FULL_REEVALUATE	Thin rejected (11L) — must evaluate from scratch
ASB7	detail/rejected/ASB7/ASB7-evaluation.md	rejected	11	184	CRITICAL	THIN,SHORT_REJECTED	False		0	0	FULL_REEVALUATE	Thin rejected (11L) — must evaluate from scratch
ASCL3	detail/rejected/ASCL3/ASCL3-evaluation.md	rejected	11	186	CRITICAL	THIN,SHORT_REJECTED	False		0	0	FULL_REEVALUATE	Thin rejected (11L) — must evaluate from scratch
ASCL5	detail/rejected/ASCL5/ASCL5-evaluation.md	rejected	11	186	CRITICAL	THIN,SHORT_REJECTED	False		0	0	FULL_REEVALUATE	Thin rejected (11L) — must evaluate from scratch
ASRGL1	detail/rejected/ASRGL1/ASRGL1-evaluation.md	rejected	11	188	CRITICAL	THIN,SHORT_REJECTED	False		0	0	FULL_REEVALUATE	Thin rejected (11L) — must evaluate from scratch
ASZ1	detail/rejected/ASZ1/ASZ1-evaluation.md	rejected	11	184	CRITICAL	THIN,SHORT_REJECTED	False		0	0	FULL_REEVALUATE	Thin rejected (11L) — must evaluate from scratch
ATG10	detail/rejected/ATG10/ATG10-evaluation.md	rejected	11	186	CRITICAL	THIN,SHORT_REJECTED	False		0	0	FULL_REEVALUATE	Thin rejected (11L) — must evaluate from scratch
ATG2A	detail/rejected/ATG2A/ATG2A-evaluation.md	rejected	11	186	CRITICAL	THIN,SHORT_REJECTED	False		0	0	FULL_REEVALUATE	Thin rejected (11L) — must evaluate from scratch
ATOX1	detail/rejected/ATOX1/ATOX1-evaluation.md	rejected	11	186	CRITICAL	THIN,SHORT_REJECTED	False		0	0	FULL_REEVALUATE	Thin rejected (11L) — must evaluate from scratch
ATXN3L	detail/rejected/ATXN3L/ATXN3L-evaluation.md	rejected	11	188	CRITICAL	THIN,SHORT_REJECTED	False		0	0	FULL_REEVALUATE	Thin rejected (11L) — must evaluate from scratch
ATXN7L3B	detail/rejected/ATXN7L3B/ATXN7L3B-evaluation.md	rejected	11	192	CRITICAL	THIN,SHORT_REJECTED	False		0	0	FULL_REEVALUATE	Thin rejected (11L) — must evaluate from scratch
AUNIP	detail/rejected/AUNIP/AUNIP-evaluation.md	rejected	11	186	CRITICAL	THIN,SHORT_REJECTED	False		0	0	FULL_REEVALUATE	Thin rejected (11L) — must evaluate from scratch
AUP1	detail/rejected/AUP1/AUP1-evaluation.md	rejected	11	184	CRITICAL	THIN,SHORT_REJECTED	False		0	0	FULL_REEVALUATE	Thin rejected (11L) — must evaluate from scratch
B4GALNT4	detail/rejected/B4GALNT4/B4GALNT4-evaluation.md	rejected	11	192	CRITICAL	THIN,SHORT_REJECTED	False		0	0	FULL_REEVALUATE	Thin rejected (11L) — must evaluate from scratch
B9D1	detail/rejected/B9D1/B9D1-evaluation.md	rejected	11	184	CRITICAL	THIN,SHORT_REJECTED	False		0	0	FULL_REEVALUATE	Thin rejected (11L) — must evaluate from scratch
BABAM1	detail/rejected/BABAM1/BABAM1-evaluation.md	rejected	11	188	CRITICAL	THIN,SHORT_REJECTED	False		0	0	FULL_REEVALUATE	Thin rejected (11L) — must evaluate from scratch
BABAM2	detail/rejected/BABAM2/BABAM2-evaluation.md	rejected	11	188	CRITICAL	THIN,SHORT_REJECTED	False		0	0	FULL_REEVALUATE	Thin rejected (11L) — must evaluate from scratch
BACC1	detail/rejected/BACC1/BACC1-evaluation.md	rejected	11	186	CRITICAL	THIN,SHORT_REJECTED	False		0	0	FULL_REEVALUATE	Thin rejected (11L) — must evaluate from scratch
BAG5	detail/rejected/BAG5/BAG5-evaluation.md	rejected	11	184	CRITICAL	THIN,SHORT_REJECTED	False		0	0	FULL_REEVALUATE	Thin rejected (11L) — must evaluate from scratch
BBS9	detail/rejected/BBS9/BBS9-evaluation.md	rejected	11	184	CRITICAL	THIN,SHORT_REJECTED	False		0	0	FULL_REEVALUATE	Thin rejected (11L) — must evaluate from scratch
BCAS3	detail/rejected/BCAS3/BCAS3-evaluation.md	rejected	11	186	CRITICAL	THIN,SHORT_REJECTED	False		0	0	FULL_REEVALUATE	Thin rejected (11L) — must evaluate from scratch
BCDIN3D	detail/rejected/BCDIN3D/BCDIN3D-evaluation.md	rejected	11	190	CRITICAL	THIN,SHORT_REJECTED	False		0	0	FULL_REEVALUATE	Thin rejected (11L) — must evaluate from scratch
BCL7C	detail/rejected/BCL7C/BCL7C-evaluation.md	rejected	11	186	CRITICAL	THIN,SHORT_REJECTED	False		0	0	FULL_REEVALUATE	Thin rejected (11L) — must evaluate from scratch
BCLAF3	detail/rejected/BCLAF3/BCLAF3-evaluation.md	rejected	11	188	CRITICAL	THIN,SHORT_REJECTED	False		0	0	FULL_REEVALUATE	Thin rejected (11L) — must evaluate from scratch
BEAN1	detail/rejected/BEAN1/BEAN1-evaluation.md	rejected	11	186	CRITICAL	THIN,SHORT_REJECTED	False		0	0	FULL_REEVALUATE	Thin rejected (11L) — must evaluate from scratch
BEGAIN	detail/rejected/BEGAIN/BEGAIN-evaluation.md	rejected	11	188	CRITICAL	THIN,SHORT_REJECTED	False		0	0	FULL_REEVALUATE	Thin rejected (11L) — must evaluate from scratch
BEND4	detail/rejected/BEND4/BEND4-evaluation.md	rejected	11	186	CRITICAL	THIN,SHORT_REJECTED	False		0	0	FULL_REEVALUATE	Thin rejected (11L) — must evaluate from scratch
BEND5	detail/rejected/BEND5/BEND5-evaluation.md	rejected	11	186	CRITICAL	THIN,SHORT_REJECTED	False		0	0	FULL_REEVALUATE	Thin rejected (11L) — must evaluate from scratch
BET1L	detail/rejected/BET1L/BET1L-evaluation.md	rejected	11	186	CRITICAL	THIN,SHORT_REJECTED	False		0	0	FULL_REEVALUATE	Thin rejected (11L) — must evaluate from scratch
BEX4	detail/rejected/BEX4/BEX4-evaluation.md	rejected	11	184	CRITICAL	THIN,SHORT_REJECTED	False		0	0	FULL_REEVALUATE	Thin rejected (11L) — must evaluate from scratch
BICD2	detail/rejected/BICD2/BICD2-evaluation.md	rejected	11	186	CRITICAL	THIN,SHORT_REJECTED	False		0	0	FULL_REEVALUATE	Thin rejected (11L) — must evaluate from scratch
BICRA	detail/rejected/BICRA/BICRA-evaluation.md	rejected	11	186	CRITICAL	THIN,SHORT_REJECTED	False		0	0	FULL_REEVALUATE	Thin rejected (11L) — must evaluate from scratch
BICRAL	detail/rejected/BICRAL/BICRAL-evaluation.md	rejected	11	188	CRITICAL	THIN,SHORT_REJECTED	False		0	0	FULL_REEVALUATE	Thin rejected (11L) — must evaluate from scratch
BIRC7	detail/rejected/BIRC7/BIRC7-evaluation.md	rejected	11	186	CRITICAL	THIN,SHORT_REJECTED	False		0	0	FULL_REEVALUATE	Thin rejected (11L) — must evaluate from scratch
BLCAP	detail/rejected/BLCAP/BLCAP-evaluation.md	rejected	11	186	CRITICAL	THIN,SHORT_REJECTED	False		0	0	FULL_REEVALUATE	Thin rejected (11L) — must evaluate from scratch
BLMH	detail/rejected/BLMH/BLMH-evaluation.md	rejected	11	184	CRITICAL	THIN,SHORT_REJECTED	False		0	0	FULL_REEVALUATE	Thin rejected (11L) — must evaluate from scratch
BLTP3B	detail/rejected/BLTP3B/BLTP3B-evaluation.md	rejected	11	188	CRITICAL	THIN,SHORT_REJECTED	False		0	0	FULL_REEVALUATE	Thin rejected (11L) — must evaluate from scratch
BLVRB	detail/rejected/BLVRB/BLVRB-evaluation.md	rejected	11	186	CRITICAL	THIN,SHORT_REJECTED	False		0	0	FULL_REEVALUATE	Thin rejected (11L) — must evaluate from scratch
BMP2K	detail/rejected/BMP2K/BMP2K-evaluation.md	rejected	11	186	CRITICAL	THIN,SHORT_REJECTED	False		0	0	FULL_REEVALUATE	Thin rejected (11L) — must evaluate from scratch
BMS1	detail/rejected/BMS1/BMS1-evaluation.md	rejected	11	184	CRITICAL	THIN,SHORT_REJECTED	False		0	0	FULL_REEVALUATE	Thin rejected (11L) — must evaluate from scratch
BNIP2	detail/rejected/BNIP2/BNIP2-evaluation.md	rejected	11	186	CRITICAL	THIN,SHORT_REJECTED	False		0	0	FULL_REEVALUATE	Thin rejected (11L) — must evaluate from scratch
BOD1	detail/rejected/BOD1/BOD1-evaluation.md	rejected	11	184	CRITICAL	THIN,SHORT_REJECTED	False		0	0	FULL_REEVALUATE	Thin rejected (11L) — must evaluate from scratch
BOD1L1	detail/rejected/BOD1L1/BOD1L1-evaluation.md	rejected	11	188	CRITICAL	THIN,SHORT_REJECTED	False		0	0	FULL_REEVALUATE	Thin rejected (11L) — must evaluate from scratch
BOLA2	detail/rejected/BOLA2/BOLA2-evaluation.md	rejected	11	186	CRITICAL	THIN,SHORT_REJECTED	False		0	0	FULL_REEVALUATE	Thin rejected (11L) — must evaluate from scratch
BPNT1	detail/rejected/BPNT1/BPNT1-evaluation.md	rejected	11	186	CRITICAL	THIN,SHORT_REJECTED	False		0	0	FULL_REEVALUATE	Thin rejected (11L) — must evaluate from scratch
BPNT2	detail/rejected/BPNT2/BPNT2-evaluation.md	rejected	11	186	CRITICAL	THIN,SHORT_REJECTED	False		0	0	FULL_REEVALUATE	Thin rejected (11L) — must evaluate from scratch
BRCC3	detail/rejected/BRCC3/BRCC3-evaluation.md	rejected	11	186	CRITICAL	THIN,SHORT_REJECTED	False		0	0	FULL_REEVALUATE	Thin rejected (11L) — must evaluate from scratch
BRI3	detail/rejected/BRI3/BRI3-evaluation.md	rejected	11	184	CRITICAL	THIN,SHORT_REJECTED	False		0	0	FULL_REEVALUATE	Thin rejected (11L) — must evaluate from scratch
BRIX1	detail/rejected/BRIX1/BRIX1-evaluation.md	rejected	11	186	CRITICAL	THIN,SHORT_REJECTED	False		0	0	FULL_REEVALUATE	Thin rejected (11L) — must evaluate from scratch
BRK1	detail/rejected/BRK1/BRK1-evaluation.md	rejected	11	184	CRITICAL	THIN,SHORT_REJECTED	False		0	0	FULL_REEVALUATE	Thin rejected (11L) — must evaluate from scratch
BRME1	detail/rejected/BRME1/BRME1-evaluation.md	rejected	11	186	CRITICAL	THIN,SHORT_REJECTED	False		0	0	FULL_REEVALUATE	Thin rejected (11L) — must evaluate from scratch
BROX	detail/rejected/BROX/BROX-evaluation.md	rejected	11	184	CRITICAL	THIN,SHORT_REJECTED	False		0	0	FULL_REEVALUATE	Thin rejected (11L) — must evaluate from scratch
BRPF3	detail/rejected/BRPF3/BRPF3-evaluation.md	rejected	11	186	CRITICAL	THIN,SHORT_REJECTED	False		0	0	FULL_REEVALUATE	Thin rejected (11L) — must evaluate from scratch
BSPRY	detail/rejected/BSPRY/BSPRY-evaluation.md	rejected	11	186	CRITICAL	THIN,SHORT_REJECTED	False		0	0	FULL_REEVALUATE	Thin rejected (11L) — must evaluate from scratch
BTBD1	detail/rejected/BTBD1/BTBD1-evaluation.md	rejected	11	186	CRITICAL	THIN,SHORT_REJECTED	False		0	0	FULL_REEVALUATE	Thin rejected (11L) — must evaluate from scratch
BTBD18	detail/rejected/BTBD18/BTBD18-evaluation.md	rejected	11	188	CRITICAL	THIN,SHORT_REJECTED	False		0	0	FULL_REEVALUATE	Thin rejected (11L) — must evaluate from scratch
BTBD3	detail/rejected/BTBD3/BTBD3-evaluation.md	rejected	11	186	CRITICAL	THIN,SHORT_REJECTED	False		0	0	FULL_REEVALUATE	Thin rejected (11L) — must evaluate from scratch
BTF3L4	detail/rejected/BTF3L4/BTF3L4-evaluation.md	rejected	11	188	CRITICAL	THIN,SHORT_REJECTED	False		0	0	FULL_REEVALUATE	Thin rejected (11L) — must evaluate from scratch
BTNL9	detail/rejected/BTNL9/BTNL9-evaluation.md	rejected	11	186	CRITICAL	THIN,SHORT_REJECTED	False		0	0	FULL_REEVALUATE	Thin rejected (11L) — must evaluate from scratch
C10orf71	detail/rejected/C10orf71/C10orf71-evaluation.md	rejected	11	192	CRITICAL	THIN,SHORT_REJECTED	False		0	0	FULL_REEVALUATE	Thin rejected (11L) — must evaluate from scratch
C10orf90	detail/rejected/C10orf90/C10orf90-evaluation.md	rejected	11	192	CRITICAL	THIN,SHORT_REJECTED	False		0	0	FULL_REEVALUATE	Thin rejected (11L) — must evaluate from scratch
C11orf58	detail/rejected/C11orf58/C11orf58-evaluation.md	rejected	11	192	CRITICAL	THIN,SHORT_REJECTED	False		0	0	FULL_REEVALUATE	Thin rejected (11L) — must evaluate from scratch
C11orf68	detail/rejected/C11orf68/C11orf68-evaluation.md	rejected	11	192	CRITICAL	THIN,SHORT_REJECTED	False		0	0	FULL_REEVALUATE	Thin rejected (11L) — must evaluate from scratch
C14orf39	detail/rejected/C14orf39/C14orf39-evaluation.md	rejected	11	192	CRITICAL	THIN,SHORT_REJECTED	False		0	0	FULL_REEVALUATE	Thin rejected (11L) — must evaluate from scratch
C19orf47	detail/rejected/C19orf47/C19orf47-evaluation.md	rejected	11	192	CRITICAL	THIN,SHORT_REJECTED	False		0	0	FULL_REEVALUATE	Thin rejected (11L) — must evaluate from scratch
C19orf84	detail/rejected/C19orf84/C19orf84-evaluation.md	rejected	11	192	CRITICAL	THIN,SHORT_REJECTED	False		0	0	FULL_REEVALUATE	Thin rejected (11L) — must evaluate from scratch
C1orf146	detail/rejected/C1orf146/C1orf146-evaluation.md	rejected	11	192	CRITICAL	THIN,SHORT_REJECTED	False		0	0	FULL_REEVALUATE	Thin rejected (11L) — must evaluate from scratch
C1orf174	detail/rejected/C1orf174/C1orf174-evaluation.md	rejected	11	192	CRITICAL	THIN,SHORT_REJECTED	False		0	0	FULL_REEVALUATE	Thin rejected (11L) — must evaluate from scratch
C1orf21	detail/rejected/C1orf21/C1orf21-evaluation.md	rejected	11	190	CRITICAL	THIN,SHORT_REJECTED	False		0	0	FULL_REEVALUATE	Thin rejected (11L) — must evaluate from scratch
C1orf226	detail/rejected/C1orf226/C1orf226-evaluation.md	rejected	11	192	CRITICAL	THIN,SHORT_REJECTED	False		0	0	FULL_REEVALUATE	Thin rejected (11L) — must evaluate from scratch
C1orf35	detail/rejected/C1orf35/C1orf35-evaluation.md	rejected	11	190	CRITICAL	THIN,SHORT_REJECTED	False		0	0	FULL_REEVALUATE	Thin rejected (11L) — must evaluate from scratch
C1orf52	detail/rejected/C1orf52/C1orf52-evaluation.md	rejected	11	190	CRITICAL	THIN,SHORT_REJECTED	False		0	0	FULL_REEVALUATE	Thin rejected (11L) — must evaluate from scratch
C2CD4A	detail/rejected/C2CD4A/C2CD4A-evaluation.md	rejected	11	188	CRITICAL	THIN,SHORT_REJECTED	False		0	0	FULL_REEVALUATE	Thin rejected (11L) — must evaluate from scratch
C2CD4B	detail/rejected/C2CD4B/C2CD4B-evaluation.md	rejected	11	188	CRITICAL	THIN,SHORT_REJECTED	False		0	0	FULL_REEVALUATE	Thin rejected (11L) — must evaluate from scratch
C6orf52	detail/rejected/C6orf52/C6orf52-evaluation.md	rejected	11	190	CRITICAL	THIN,SHORT_REJECTED	False		0	0	FULL_REEVALUATE	Thin rejected (11L) — must evaluate from scratch
C6orf89	detail/rejected/C6orf89/C6orf89-evaluation.md	rejected	11	190	CRITICAL	THIN,SHORT_REJECTED	False		0	0	FULL_REEVALUATE	Thin rejected (11L) — must evaluate from scratch
C7orf25	detail/rejected/C7orf25/C7orf25-evaluation.md	rejected	11	190	CRITICAL	THIN,SHORT_REJECTED	False		0	0	FULL_REEVALUATE	Thin rejected (11L) — must evaluate from scratch
C8orf34	detail/rejected/C8orf34/C8orf34-evaluation.md	rejected	11	190	CRITICAL	THIN,SHORT_REJECTED	False		0	0	FULL_REEVALUATE	Thin rejected (11L) — must evaluate from scratch
C8orf48	detail/rejected/C8orf48/C8orf48-evaluation.md	rejected	11	190	CRITICAL	THIN,SHORT_REJECTED	False		0	0	FULL_REEVALUATE	Thin rejected (11L) — must evaluate from scratch
C8orf58	detail/rejected/C8orf58/C8orf58-evaluation.md	rejected	11	190	CRITICAL	THIN,SHORT_REJECTED	False		0	0	FULL_REEVALUATE	Thin rejected (11L) — must evaluate from scratch
C8orf76	detail/rejected/C8orf76/C8orf76-evaluation.md	rejected	11	190	CRITICAL	THIN,SHORT_REJECTED	False		0	0	FULL_REEVALUATE	Thin rejected (11L) — must evaluate from scratch
CABCOCO1	detail/rejected/CABCOCO1/CABCOCO1-evaluation.md	rejected	11	192	CRITICAL	THIN,SHORT_REJECTED	False		0	0	FULL_REEVALUATE	Thin rejected (11L) — must evaluate from scratch
CACNA1D	detail/rejected/CACNA1D/CACNA1D-evaluation.md	rejected	11	190	CRITICAL	THIN,SHORT_REJECTED	False		0	0	FULL_REEVALUATE	Thin rejected (11L) — must evaluate from scratch
CACUL1	detail/rejected/CACUL1/CACUL1-evaluation.md	rejected	11	188	CRITICAL	THIN,SHORT_REJECTED	False		0	0	FULL_REEVALUATE	Thin rejected (11L) — must evaluate from scratch
CADPS2	detail/rejected/CADPS2/CADPS2-evaluation.md	rejected	11	188	CRITICAL	THIN,SHORT_REJECTED	False		0	0	FULL_REEVALUATE	Thin rejected (11L) — must evaluate from scratch
CAMK2N2	detail/rejected/CAMK2N2/CAMK2N2-evaluation.md	rejected	11	190	CRITICAL	THIN,SHORT_REJECTED	False		0	0	FULL_REEVALUATE	Thin rejected (11L) — must evaluate from scratch
CAMKK1	detail/rejected/CAMKK1/CAMKK1-evaluation.md	rejected	11	188	CRITICAL	THIN,SHORT_REJECTED	False		0	0	FULL_REEVALUATE	Thin rejected (11L) — must evaluate from scratch
CAMLG	detail/rejected/CAMLG/CAMLG-evaluation.md	rejected	11	186	CRITICAL	THIN,SHORT_REJECTED	False		0	0	FULL_REEVALUATE	Thin rejected (11L) — must evaluate from scratch
CAND2	detail/rejected/CAND2/CAND2-evaluation.md	rejected	11	186	CRITICAL	THIN,SHORT_REJECTED	False		0	0	FULL_REEVALUATE	Thin rejected (11L) — must evaluate from scratch
CAPS2	detail/rejected/CAPS2/CAPS2-evaluation.md	rejected	11	186	CRITICAL	THIN,SHORT_REJECTED	False		0	0	FULL_REEVALUATE	Thin rejected (11L) — must evaluate from scratch
CARD8	detail/rejected/CARD8/CARD8-evaluation.md	rejected	11	186	CRITICAL	THIN,SHORT_REJECTED	False		0	0	FULL_REEVALUATE	Thin rejected (11L) — must evaluate from scratch
CARF	detail/rejected/CARF/CARF-evaluation.md	rejected	11	184	CRITICAL	THIN,SHORT_REJECTED	False		0	0	FULL_REEVALUATE	Thin rejected (11L) — must evaluate from scratch
CASD1	detail/rejected/CASD1/CASD1-evaluation.md	rejected	11	186	CRITICAL	THIN,SHORT_REJECTED	False		0	0	FULL_REEVALUATE	Thin rejected (11L) — must evaluate from scratch
CASKIN1	detail/rejected/CASKIN1/CASKIN1-evaluation.md	rejected	11	190	CRITICAL	THIN,SHORT_REJECTED	False		0	0	FULL_REEVALUATE	Thin rejected (11L) — must evaluate from scratch
CBLC	detail/rejected/CBLC/CBLC-evaluation.md	rejected	11	184	CRITICAL	THIN,SHORT_REJECTED	False		0	0	FULL_REEVALUATE	Thin rejected (11L) — must evaluate from scratch
CBR3	detail/rejected/CBR3/CBR3-evaluation.md	rejected	11	184	CRITICAL	THIN,SHORT_REJECTED	False		0	0	FULL_REEVALUATE	Thin rejected (11L) — must evaluate from scratch
CC2D1B	detail/rejected/CC2D1B/CC2D1B-evaluation.md	rejected	11	188	CRITICAL	THIN,SHORT_REJECTED	False		0	0	FULL_REEVALUATE	Thin rejected (11L) — must evaluate from scratch
CCDC110	detail/rejected/CCDC110/CCDC110-evaluation.md	rejected	11	190	CRITICAL	THIN,SHORT_REJECTED	False		0	0	FULL_REEVALUATE	Thin rejected (11L) — must evaluate from scratch
CCDC112	detail/rejected/CCDC112/CCDC112-evaluation.md	rejected	11	190	CRITICAL	THIN,SHORT_REJECTED	False		0	0	FULL_REEVALUATE	Thin rejected (11L) — must evaluate from scratch
CCDC117	detail/rejected/CCDC117/CCDC117-evaluation.md	rejected	11	190	CRITICAL	THIN,SHORT_REJECTED	False		0	0	FULL_REEVALUATE	Thin rejected (11L) — must evaluate from scratch
CCDC12	detail/rejected/CCDC12/CCDC12-evaluation.md	rejected	11	188	CRITICAL	THIN,SHORT_REJECTED	False		0	0	FULL_REEVALUATE	Thin rejected (11L) — must evaluate from scratch
CCDC122	detail/rejected/CCDC122/CCDC122-evaluation.md	rejected	11	190	CRITICAL	THIN,SHORT_REJECTED	False		0	0	FULL_REEVALUATE	Thin rejected (11L) — must evaluate from scratch
CCDC141	detail/rejected/CCDC141/CCDC141-evaluation.md	rejected	11	190	CRITICAL	THIN,SHORT_REJECTED	False		0	0	FULL_REEVALUATE	Thin rejected (11L) — must evaluate from scratch
CCDC148	detail/rejected/CCDC148/CCDC148-evaluation.md	rejected	11	190	CRITICAL	THIN,SHORT_REJECTED	False		0	0	FULL_REEVALUATE	Thin rejected (11L) — must evaluate from scratch
CCDC159	detail/rejected/CCDC159/CCDC159-evaluation.md	rejected	11	190	CRITICAL	THIN,SHORT_REJECTED	False		0	0	FULL_REEVALUATE	Thin rejected (11L) — must evaluate from scratch
CCDC169	detail/rejected/CCDC169/CCDC169-evaluation.md	rejected	11	190	CRITICAL	THIN,SHORT_REJECTED	False		0	0	FULL_REEVALUATE	Thin rejected (11L) — must evaluate from scratch
CCDC39	detail/rejected/CCDC39/CCDC39-evaluation.md	rejected	11	188	CRITICAL	THIN,SHORT_REJECTED	False		0	0	FULL_REEVALUATE	Thin rejected (11L) — must evaluate from scratch
CCDC59	detail/rejected/CCDC59/CCDC59-evaluation.md	rejected	11	188	CRITICAL	THIN,SHORT_REJECTED	False		0	0	FULL_REEVALUATE	Thin rejected (11L) — must evaluate from scratch
CCDC61	detail/rejected/CCDC61/CCDC61-evaluation.md	rejected	11	188	CRITICAL	THIN,SHORT_REJECTED	False		0	0	FULL_REEVALUATE	Thin rejected (11L) — must evaluate from scratch
CCDC74A	detail/rejected/CCDC74A/CCDC74A-evaluation.md	rejected	11	190	CRITICAL	THIN,SHORT_REJECTED	False		0	0	FULL_REEVALUATE	Thin rejected (11L) — must evaluate from scratch
CCDC77	detail/rejected/CCDC77/CCDC77-evaluation.md	rejected	11	188	CRITICAL	THIN,SHORT_REJECTED	False		0	0	FULL_REEVALUATE	Thin rejected (11L) — must evaluate from scratch
CCDC8	detail/rejected/CCDC8/CCDC8-evaluation.md	rejected	11	186	CRITICAL	THIN,SHORT_REJECTED	False		0	0	FULL_REEVALUATE	Thin rejected (11L) — must evaluate from scratch
CCDC83	detail/rejected/CCDC83/CCDC83-evaluation.md	rejected	11	188	CRITICAL	THIN,SHORT_REJECTED	False		0	0	FULL_REEVALUATE	Thin rejected (11L) — must evaluate from scratch
CCDC85B	detail/rejected/CCDC85B/CCDC85B-evaluation.md	rejected	11	190	CRITICAL	THIN,SHORT_REJECTED	False		0	0	FULL_REEVALUATE	Thin rejected (11L) — must evaluate from scratch
CCDC88B	detail/rejected/CCDC88B/CCDC88B-evaluation.md	rejected	11	190	CRITICAL	THIN,SHORT_REJECTED	False		0	0	FULL_REEVALUATE	Thin rejected (11L) — must evaluate from scratch
CCDC91	detail/rejected/CCDC91/CCDC91-evaluation.md	rejected	11	188	CRITICAL	THIN,SHORT_REJECTED	False		0	0	FULL_REEVALUATE	Thin rejected (11L) — must evaluate from scratch
CCDC97	detail/rejected/CCDC97/CCDC97-evaluation.md	rejected	11	188	CRITICAL	THIN,SHORT_REJECTED	False		0	0	FULL_REEVALUATE	Thin rejected (11L) — must evaluate from scratch
CCDC9B	detail/rejected/CCDC9B/CCDC9B-evaluation.md	rejected	11	188	CRITICAL	THIN,SHORT_REJECTED	False		0	0	FULL_REEVALUATE	Thin rejected (11L) — must evaluate from scratch
CCER1	detail/rejected/CCER1/CCER1-evaluation.md	rejected	11	186	CRITICAL	THIN,SHORT_REJECTED	False		0	0	FULL_REEVALUATE	Thin rejected (11L) — must evaluate from scratch
CCHCR1	detail/rejected/CCHCR1/CCHCR1-evaluation.md	rejected	11	188	CRITICAL	THIN,SHORT_REJECTED	False		0	0	FULL_REEVALUATE	Thin rejected (11L) — must evaluate from scratch
CCT8	detail/rejected/CCT8/CCT8-evaluation.md	rejected	11	184	CRITICAL	THIN,SHORT_REJECTED	False		0	0	FULL_REEVALUATE	Thin rejected (11L) — must evaluate from scratch
CD1E	detail/rejected/CD1E/CD1E-evaluation.md	rejected	11	184	CRITICAL	THIN,SHORT_REJECTED	False		0	0	FULL_REEVALUATE	Thin rejected (11L) — must evaluate from scratch
CDADC1	detail/rejected/CDADC1/CDADC1-evaluation.md	rejected	11	188	CRITICAL	THIN,SHORT_REJECTED	False		0	0	FULL_REEVALUATE	Thin rejected (11L) — must evaluate from scratch
CDPF1	detail/rejected/CDPF1/CDPF1-evaluation.md	rejected	11	186	CRITICAL	THIN,SHORT_REJECTED	False		0	0	FULL_REEVALUATE	Thin rejected (11L) — must evaluate from scratch
CDV3	detail/rejected/CDV3/CDV3-evaluation.md	rejected	11	184	CRITICAL	THIN,SHORT_REJECTED	False		0	0	FULL_REEVALUATE	Thin rejected (11L) — must evaluate from scratch
CENPN	detail/rejected/CENPN/CENPN-evaluation.md	rejected	11	186	CRITICAL	THIN,SHORT_REJECTED	False		0	0	FULL_REEVALUATE	Thin rejected (11L) — must evaluate from scratch
CENPO	detail/rejected/CENPO/CENPO-evaluation.md	rejected	11	186	CRITICAL	THIN,SHORT_REJECTED	False		0	0	FULL_REEVALUATE	Thin rejected (11L) — must evaluate from scratch
CENPQ	detail/rejected/CENPQ/CENPQ-evaluation.md	rejected	11	186	CRITICAL	THIN,SHORT_REJECTED	False		0	0	FULL_REEVALUATE	Thin rejected (11L) — must evaluate from scratch
CENPS	detail/rejected/CENPS/CENPS-evaluation.md	rejected	11	186	CRITICAL	THIN,SHORT_REJECTED	False		0	0	FULL_REEVALUATE	Thin rejected (11L) — must evaluate from scratch
CENPW	detail/rejected/CENPW/CENPW-evaluation.md	rejected	11	186	CRITICAL	THIN,SHORT_REJECTED	False		0	0	FULL_REEVALUATE	Thin rejected (11L) — must evaluate from scratch
CEP112	detail/rejected/CEP112/CEP112-evaluation.md	rejected	11	188	CRITICAL	THIN,SHORT_REJECTED	False		0	0	FULL_REEVALUATE	Thin rejected (11L) — must evaluate from scratch
CEP20	detail/rejected/CEP20/CEP20-evaluation.md	rejected	11	186	CRITICAL	THIN,SHORT_REJECTED	False		0	0	FULL_REEVALUATE	Thin rejected (11L) — must evaluate from scratch
CEP350	detail/rejected/CEP350/CEP350-evaluation.md	rejected	11	188	CRITICAL	THIN,SHORT_REJECTED	False		0	0	FULL_REEVALUATE	Thin rejected (11L) — must evaluate from scratch
CEP57	detail/rejected/CEP57/CEP57-evaluation.md	rejected	11	186	CRITICAL	THIN,SHORT_REJECTED	False		0	0	FULL_REEVALUATE	Thin rejected (11L) — must evaluate from scratch
CEP70	detail/rejected/CEP70/CEP70-evaluation.md	rejected	11	186	CRITICAL	THIN,SHORT_REJECTED	False		0	0	FULL_REEVALUATE	Thin rejected (11L) — must evaluate from scratch
CEPT1	detail/rejected/CEPT1/CEPT1-evaluation.md	rejected	11	186	CRITICAL	THIN,SHORT_REJECTED	False		0	0	FULL_REEVALUATE	Thin rejected (11L) — must evaluate from scratch
CERKL	detail/rejected/CERKL/CERKL-evaluation.md	rejected	11	186	CRITICAL	THIN,SHORT_REJECTED	False		0	0	FULL_REEVALUATE	Thin rejected (11L) — must evaluate from scratch
CERS3	detail/rejected/CERS3/CERS3-evaluation.md	rejected	11	186	CRITICAL	THIN,SHORT_REJECTED	False		0	0	FULL_REEVALUATE	Thin rejected (11L) — must evaluate from scratch
CERS4	detail/rejected/CERS4/CERS4-evaluation.md	rejected	11	186	CRITICAL	THIN,SHORT_REJECTED	False		0	0	FULL_REEVALUATE	Thin rejected (11L) — must evaluate from scratch
CERT1	detail/rejected/CERT1/CERT1-evaluation.md	rejected	11	186	CRITICAL	THIN,SHORT_REJECTED	False		0	0	FULL_REEVALUATE	Thin rejected (11L) — must evaluate from scratch
CES3	detail/rejected/CES3/CES3-evaluation.md	rejected	11	184	CRITICAL	THIN,SHORT_REJECTED	False		0	0	FULL_REEVALUATE	Thin rejected (11L) — must evaluate from scratch
CETN1	detail/rejected/CETN1/CETN1-evaluation.md	rejected	11	186	CRITICAL	THIN,SHORT_REJECTED	False		0	0	FULL_REEVALUATE	Thin rejected (11L) — must evaluate from scratch
CETN3	detail/rejected/CETN3/CETN3-evaluation.md	rejected	11	186	CRITICAL	THIN,SHORT_REJECTED	False		0	0	FULL_REEVALUATE	Thin rejected (11L) — must evaluate from scratch
CGNL1	detail/rejected/CGNL1/CGNL1-evaluation.md	rejected	11	186	CRITICAL	THIN,SHORT_REJECTED	False		0	0	FULL_REEVALUATE	Thin rejected (11L) — must evaluate from scratch
CHCHD1	detail/rejected/CHCHD1/CHCHD1-evaluation.md	rejected	11	188	CRITICAL	THIN,SHORT_REJECTED	False		0	0	FULL_REEVALUATE	Thin rejected (11L) — must evaluate from scratch
CHFR	detail/rejected/CHFR/CHFR-evaluation.md	rejected	11	184	CRITICAL	THIN,SHORT_REJECTED	False		0	0	FULL_REEVALUATE	Thin rejected (11L) — must evaluate from scratch
CHMP1B	detail/rejected/CHMP1B/CHMP1B-evaluation.md	rejected	11	188	CRITICAL	THIN,SHORT_REJECTED	False		0	0	FULL_REEVALUATE	Thin rejected (11L) — must evaluate from scratch
CHMP2A	detail/rejected/CHMP2A/CHMP2A-evaluation.md	rejected	11	188	CRITICAL	THIN,SHORT_REJECTED	False		0	0	FULL_REEVALUATE	Thin rejected (11L) — must evaluate from scratch
CHMP4B	detail/rejected/CHMP4B/CHMP4B-evaluation.md	rejected	11	188	CRITICAL	THIN,SHORT_REJECTED	False		0	0	FULL_REEVALUATE	Thin rejected (11L) — must evaluate from scratch
CHN2	detail/rejected/CHN2/CHN2-evaluation.md	rejected	11	184	CRITICAL	THIN,SHORT_REJECTED	False		0	0	FULL_REEVALUATE	Thin rejected (11L) — must evaluate from scratch
CHPF2	detail/rejected/CHPF2/CHPF2-evaluation.md	rejected	11	186	CRITICAL	THIN,SHORT_REJECTED	False		0	0	FULL_REEVALUATE	Thin rejected (11L) — must evaluate from scratch
CHRAC1	detail/rejected/CHRAC1/CHRAC1-evaluation.md	rejected	11	188	CRITICAL	THIN,SHORT_REJECTED	False		0	0	FULL_REEVALUATE	Thin rejected (11L) — must evaluate from scratch
CHST1	detail/rejected/CHST1/CHST1-evaluation.md	rejected	11	186	CRITICAL	THIN,SHORT_REJECTED	False		0	0	FULL_REEVALUATE	Thin rejected (11L) — must evaluate from scratch
CHST2	detail/rejected/CHST2/CHST2-evaluation.md	rejected	11	186	CRITICAL	THIN,SHORT_REJECTED	False		0	0	FULL_REEVALUATE	Thin rejected (11L) — must evaluate from scratch
CHST7	detail/rejected/CHST7/CHST7-evaluation.md	rejected	11	186	CRITICAL	THIN,SHORT_REJECTED	False		0	0	FULL_REEVALUATE	Thin rejected (11L) — must evaluate from scratch
CHTF18	detail/rejected/CHTF18/CHTF18-evaluation.md	rejected	11	188	CRITICAL	THIN,SHORT_REJECTED	False		0	0	FULL_REEVALUATE	Thin rejected (11L) — must evaluate from scratch
CIAO1	detail/rejected/CIAO1/CIAO1-evaluation.md	rejected	11	186	CRITICAL	THIN,SHORT_REJECTED	False		0	0	FULL_REEVALUATE	Thin rejected (11L) — must evaluate from scratch
CIAO2A	detail/rejected/CIAO2A/CIAO2A-evaluation.md	rejected	11	188	CRITICAL	THIN,SHORT_REJECTED	False		0	0	FULL_REEVALUATE	Thin rejected (11L) — must evaluate from scratch
CIAO2B	detail/rejected/CIAO2B/CIAO2B-evaluation.md	rejected	11	188	CRITICAL	THIN,SHORT_REJECTED	False		0	0	FULL_REEVALUATE	Thin rejected (11L) — must evaluate from scratch
CIAPIN1	detail/rejected/CIAPIN1/CIAPIN1-evaluation.md	rejected	11	190	CRITICAL	THIN,SHORT_REJECTED	False		0	0	FULL_REEVALUATE	Thin rejected (11L) — must evaluate from scratch
CIB1	detail/rejected/CIB1/CIB1-evaluation.md	rejected	11	184	CRITICAL	THIN,SHORT_REJECTED	False		0	0	FULL_REEVALUATE	Thin rejected (11L) — must evaluate from scratch
CIMAP1D	detail/rejected/CIMAP1D/CIMAP1D-evaluation.md	rejected	11	190	CRITICAL	THIN,SHORT_REJECTED	False		0	0	FULL_REEVALUATE	Thin rejected (11L) — must evaluate from scratch
CINP	detail/rejected/CINP/CINP-evaluation.md	rejected	11	184	CRITICAL	THIN,SHORT_REJECTED	False		0	0	FULL_REEVALUATE	Thin rejected (11L) — must evaluate from scratch
CIRSR	detail/rejected/CIRSR/CIRSR-evaluation.md	rejected	11	186	CRITICAL	THIN,SHORT_REJECTED	False		0	0	FULL_REEVALUATE	Thin rejected (11L) — must evaluate from scratch
CKAP5	detail/rejected/CKAP5/CKAP5-evaluation.md	rejected	11	186	CRITICAL	THIN,SHORT_REJECTED	False		0	0	FULL_REEVALUATE	Thin rejected (11L) — must evaluate from scratch
CLINT1	detail/rejected/CLINT1/CLINT1-evaluation.md	rejected	11	188	CRITICAL	THIN,SHORT_REJECTED	False		0	0	FULL_REEVALUATE	Thin rejected (11L) — must evaluate from scratch
CLMN	detail/rejected/CLMN/CLMN-evaluation.md	rejected	11	184	CRITICAL	THIN,SHORT_REJECTED	False		0	0	FULL_REEVALUATE	Thin rejected (11L) — must evaluate from scratch
CMAS	detail/rejected/CMAS/CMAS-evaluation.md	rejected	11	184	CRITICAL	THIN,SHORT_REJECTED	False		0	0	FULL_REEVALUATE	Thin rejected (11L) — must evaluate from scratch
CMIP	detail/rejected/CMIP/CMIP-evaluation.md	rejected	11	184	CRITICAL	THIN,SHORT_REJECTED	False		0	0	FULL_REEVALUATE	Thin rejected (11L) — must evaluate from scratch
CMPK1	detail/rejected/CMPK1/CMPK1-evaluation.md	rejected	11	186	CRITICAL	THIN,SHORT_REJECTED	False		0	0	FULL_REEVALUATE	Thin rejected (11L) — must evaluate from scratch
CMSS1	detail/rejected/CMSS1/CMSS1-evaluation.md	rejected	11	186	CRITICAL	THIN,SHORT_REJECTED	False		0	0	FULL_REEVALUATE	Thin rejected (11L) — must evaluate from scratch
CMTM3	detail/rejected/CMTM3/CMTM3-evaluation.md	rejected	11	186	CRITICAL	THIN,SHORT_REJECTED	False		0	0	FULL_REEVALUATE	Thin rejected (11L) — must evaluate from scratch
CMTM8	detail/rejected/CMTM8/CMTM8-evaluation.md	rejected	11	186	CRITICAL	THIN,SHORT_REJECTED	False		0	0	FULL_REEVALUATE	Thin rejected (11L) — must evaluate from scratch
CMYA5	detail/rejected/CMYA5/CMYA5-evaluation.md	rejected	11	186	CRITICAL	THIN,SHORT_REJECTED	False		0	0	FULL_REEVALUATE	Thin rejected (11L) — must evaluate from scratch
CNDP2	detail/rejected/CNDP2/CNDP2-evaluation.md	rejected	11	186	CRITICAL	THIN,SHORT_REJECTED	False		0	0	FULL_REEVALUATE	Thin rejected (11L) — must evaluate from scratch
CNEP1R1	detail/rejected/CNEP1R1/CNEP1R1-evaluation.md	rejected	11	190	CRITICAL	THIN,SHORT_REJECTED	False		0	0	FULL_REEVALUATE	Thin rejected (11L) — must evaluate from scratch
CNTD1	detail/rejected/CNTD1/CNTD1-evaluation.md	rejected	11	186	CRITICAL	THIN,SHORT_REJECTED	False		0	0	FULL_REEVALUATE	Thin rejected (11L) — must evaluate from scratch
CNTNAP1	detail/rejected/CNTNAP1/CNTNAP1-evaluation.md	rejected	11	190	CRITICAL	THIN,SHORT_REJECTED	False		0	0	FULL_REEVALUATE	Thin rejected (11L) — must evaluate from scratch
CNTNAP5	detail/rejected/CNTNAP5/CNTNAP5-evaluation.md	rejected	11	190	CRITICAL	THIN,SHORT_REJECTED	False		0	0	FULL_REEVALUATE	Thin rejected (11L) — must evaluate from scratch
COG3	detail/rejected/COG3/COG3-evaluation.md	rejected	11	184	CRITICAL	THIN,SHORT_REJECTED	False		0	0	FULL_REEVALUATE	Thin rejected (11L) — must evaluate from scratch
COG6	detail/rejected/COG6/COG6-evaluation.md	rejected	11	184	CRITICAL	THIN,SHORT_REJECTED	False		0	0	FULL_REEVALUATE	Thin rejected (11L) — must evaluate from scratch
COMMD4	detail/rejected/COMMD4/COMMD4-evaluation.md	rejected	11	188	CRITICAL	THIN,SHORT_REJECTED	False		0	0	FULL_REEVALUATE	Thin rejected (11L) — must evaluate from scratch
COMMD5	detail/rejected/COMMD5/COMMD5-evaluation.md	rejected	11	188	CRITICAL	THIN,SHORT_REJECTED	False		0	0	FULL_REEVALUATE	Thin rejected (11L) — must evaluate from scratch
COPG1	detail/rejected/COPG1/COPG1-evaluation.md	rejected	11	186	CRITICAL	THIN,SHORT_REJECTED	False		0	0	FULL_REEVALUATE	Thin rejected (11L) — must evaluate from scratch
COPRS	detail/rejected/COPRS/COPRS-evaluation.md	rejected	11	186	CRITICAL	THIN,SHORT_REJECTED	False		0	0	FULL_REEVALUATE	Thin rejected (11L) — must evaluate from scratch
COQ7	detail/rejected/COQ7/COQ7-evaluation.md	rejected	11	184	CRITICAL	THIN,SHORT_REJECTED	False		0	0	FULL_REEVALUATE	Thin rejected (11L) — must evaluate from scratch
COTL1	detail/rejected/COTL1/COTL1-evaluation.md	rejected	11	186	CRITICAL	THIN,SHORT_REJECTED	False		0	0	FULL_REEVALUATE	Thin rejected (11L) — must evaluate from scratch
CPED1	detail/rejected/CPED1/CPED1-evaluation.md	rejected	11	186	CRITICAL	THIN,SHORT_REJECTED	False		0	0	FULL_REEVALUATE	Thin rejected (11L) — must evaluate from scratch
CPNE1	detail/rejected/CPNE1/CPNE1-evaluation.md	rejected	11	186	CRITICAL	THIN,SHORT_REJECTED	False		0	0	FULL_REEVALUATE	Thin rejected (11L) — must evaluate from scratch
CPNE2	detail/rejected/CPNE2/CPNE2-evaluation.md	rejected	11	186	CRITICAL	THIN,SHORT_REJECTED	False		0	0	FULL_REEVALUATE	Thin rejected (11L) — must evaluate from scratch
CPNE3	detail/rejected/CPNE3/CPNE3-evaluation.md	rejected	11	186	CRITICAL	THIN,SHORT_REJECTED	False		0	0	FULL_REEVALUATE	Thin rejected (11L) — must evaluate from scratch
CRACD	detail/rejected/CRACD/CRACD-evaluation.md	rejected	11	186	CRITICAL	THIN,SHORT_REJECTED	False		0	0	FULL_REEVALUATE	Thin rejected (11L) — must evaluate from scratch
CRADD	detail/rejected/CRADD/CRADD-evaluation.md	rejected	11	186	CRITICAL	THIN,SHORT_REJECTED	False		0	0	FULL_REEVALUATE	Thin rejected (11L) — must evaluate from scratch
CRCP	detail/rejected/CRCP/CRCP-evaluation.md	rejected	11	184	CRITICAL	THIN,SHORT_REJECTED	False		0	0	FULL_REEVALUATE	Thin rejected (11L) — must evaluate from scratch
CREBZF	detail/rejected/CREBZF/CREBZF-evaluation.md	rejected	11	188	CRITICAL	THIN,SHORT_REJECTED	False		0	0	FULL_REEVALUATE	Thin rejected (11L) — must evaluate from scratch
CRIP3	detail/rejected/CRIP3/CRIP3-evaluation.md	rejected	11	186	CRITICAL	THIN,SHORT_REJECTED	False		0	0	FULL_REEVALUATE	Thin rejected (11L) — must evaluate from scratch
CRYBG1	detail/rejected/CRYBG1/CRYBG1-evaluation.md	rejected	11	188	CRITICAL	THIN,SHORT_REJECTED	False		0	0	FULL_REEVALUATE	Thin rejected (11L) — must evaluate from scratch
CRYL1	detail/rejected/CRYL1/CRYL1-evaluation.md	rejected	11	186	CRITICAL	THIN,SHORT_REJECTED	False		0	0	FULL_REEVALUATE	Thin rejected (11L) — must evaluate from scratch
CRYZL1	detail/rejected/CRYZL1/CRYZL1-evaluation.md	rejected	11	188	CRITICAL	THIN,SHORT_REJECTED	False		0	0	FULL_REEVALUATE	Thin rejected (11L) — must evaluate from scratch
CTDSP1	detail/rejected/CTDSP1/CTDSP1-evaluation.md	rejected	11	188	CRITICAL	THIN,SHORT_REJECTED	False		0	0	FULL_REEVALUATE	Thin rejected (11L) — must evaluate from scratch
CTNNBIP1	detail/rejected/CTNNBIP1/CTNNBIP1-evaluation.md	rejected	11	192	CRITICAL	THIN,SHORT_REJECTED	False		0	0	FULL_REEVALUATE	Thin rejected (11L) — must evaluate from scratch
CTPS1	detail/rejected/CTPS1/CTPS1-evaluation.md	rejected	11	186	CRITICAL	THIN,SHORT_REJECTED	False		0	0	FULL_REEVALUATE	Thin rejected (11L) — must evaluate from scratch
CTPS2	detail/rejected/CTPS2/CTPS2-evaluation.md	rejected	11	186	CRITICAL	THIN,SHORT_REJECTED	False		0	0	FULL_REEVALUATE	Thin rejected (11L) — must evaluate from scratch
CUEDC2	detail/rejected/CUEDC2/CUEDC2-evaluation.md	rejected	11	188	CRITICAL	THIN,SHORT_REJECTED	False		0	0	FULL_REEVALUATE	Thin rejected (11L) — must evaluate from scratch
CWF19L1	detail/rejected/CWF19L1/CWF19L1-evaluation.md	rejected	11	190	CRITICAL	THIN,SHORT_REJECTED	False		0	0	FULL_REEVALUATE	Thin rejected (11L) — must evaluate from scratch
CWF19L2	detail/rejected/CWF19L2/CWF19L2-evaluation.md	rejected	11	190	CRITICAL	THIN,SHORT_REJECTED	False		0	0	FULL_REEVALUATE	Thin rejected (11L) — must evaluate from scratch
CYB5D1	detail/rejected/CYB5D1/CYB5D1-evaluation.md	rejected	11	188	CRITICAL	THIN,SHORT_REJECTED	False		0	0	FULL_REEVALUATE	Thin rejected (11L) — must evaluate from scratch
CYB5R2	detail/rejected/CYB5R2/CYB5R2-evaluation.md	rejected	11	188	CRITICAL	THIN,SHORT_REJECTED	False		0	0	FULL_REEVALUATE	Thin rejected (11L) — must evaluate from scratch
CYRIA	detail/rejected/CYRIA/CYRIA-evaluation.md	rejected	11	186	CRITICAL	THIN,SHORT_REJECTED	False		0	0	FULL_REEVALUATE	Thin rejected (11L) — must evaluate from scratch
CYTIP	detail/rejected/CYTIP/CYTIP-evaluation.md	rejected	11	186	CRITICAL	THIN,SHORT_REJECTED	False		0	0	FULL_REEVALUATE	Thin rejected (11L) — must evaluate from scratch
CYYR1	detail/rejected/CYYR1/CYYR1-evaluation.md	rejected	11	186	CRITICAL	THIN,SHORT_REJECTED	False		0	0	FULL_REEVALUATE	Thin rejected (11L) — must evaluate from scratch
Chtf8	detail/rejected/Chtf8/Chtf8-evaluation.md	rejected	11	186	CRITICAL	THIN,SHORT_REJECTED	False		0	0	FULL_REEVALUATE	Thin rejected (11L) — must evaluate from scratch
Crxos	detail/rejected/Crxos/Crxos-evaluation.md	rejected	11	186	CRITICAL	THIN,SHORT_REJECTED	False		0	0	FULL_REEVALUATE	Thin rejected (11L) — must evaluate from scratch
DAAM2	detail/rejected/DAAM2/DAAM2-evaluation.md	rejected	11	186	CRITICAL	THIN,SHORT_REJECTED	False		0	0	FULL_REEVALUATE	Thin rejected (11L) — must evaluate from scratch
DACT1	detail/rejected/DACT1/DACT1-evaluation.md	rejected	11	186	CRITICAL	THIN,SHORT_REJECTED	False		0	0	FULL_REEVALUATE	Thin rejected (11L) — must evaluate from scratch
DACT3	detail/rejected/DACT3/DACT3-evaluation.md	rejected	11	186	CRITICAL	THIN,SHORT_REJECTED	False		0	0	FULL_REEVALUATE	Thin rejected (11L) — must evaluate from scratch
DAPL1	detail/rejected/DAPL1/DAPL1-evaluation.md	rejected	11	186	CRITICAL	THIN,SHORT_REJECTED	False		0	0	FULL_REEVALUATE	Thin rejected (11L) — must evaluate from scratch
DAZ3	detail/rejected/DAZ3/DAZ3-evaluation.md	rejected	11	184	CRITICAL	THIN,SHORT_REJECTED	False		0	0	FULL_REEVALUATE	Thin rejected (11L) — must evaluate from scratch
DAZAP2	detail/rejected/DAZAP2/DAZAP2-evaluation.md	rejected	11	188	CRITICAL	THIN,SHORT_REJECTED	False		0	0	FULL_REEVALUATE	Thin rejected (11L) — must evaluate from scratch
DBF4B	detail/rejected/DBF4B/DBF4B-evaluation.md	rejected	11	186	CRITICAL	THIN,SHORT_REJECTED	False		0	0	FULL_REEVALUATE	Thin rejected (11L) — must evaluate from scratch
DCLRE1A	detail/rejected/DCLRE1A/DCLRE1A-evaluation.md	rejected	11	190	CRITICAL	THIN,SHORT_REJECTED	False		0	0	FULL_REEVALUATE	Thin rejected (11L) — must evaluate from scratch
DCLRE1B	detail/rejected/DCLRE1B/DCLRE1B-evaluation.md	rejected	11	190	CRITICAL	THIN,SHORT_REJECTED	False		0	0	FULL_REEVALUATE	Thin rejected (11L) — must evaluate from scratch
DCTN5	detail/rejected/DCTN5/DCTN5-evaluation.md	rejected	11	186	CRITICAL	THIN,SHORT_REJECTED	False		0	0	FULL_REEVALUATE	Thin rejected (11L) — must evaluate from scratch
DCTN6	detail/rejected/DCTN6/DCTN6-evaluation.md	rejected	11	186	CRITICAL	THIN,SHORT_REJECTED	False		0	0	FULL_REEVALUATE	Thin rejected (11L) — must evaluate from scratch
DCTPP1	detail/rejected/DCTPP1/DCTPP1-evaluation.md	rejected	11	188	CRITICAL	THIN,SHORT_REJECTED	False		0	0	FULL_REEVALUATE	Thin rejected (11L) — must evaluate from scratch
DCUN1D1	detail/rejected/DCUN1D1/DCUN1D1-evaluation.md	rejected	11	190	CRITICAL	THIN,SHORT_REJECTED	False		0	0	FULL_REEVALUATE	Thin rejected (11L) — must evaluate from scratch
DCUN1D2	detail/rejected/DCUN1D2/DCUN1D2-evaluation.md	rejected	11	190	CRITICAL	THIN,SHORT_REJECTED	False		0	0	FULL_REEVALUATE	Thin rejected (11L) — must evaluate from scratch
DCUN1D4	detail/rejected/DCUN1D4/DCUN1D4-evaluation.md	rejected	11	190	CRITICAL	THIN,SHORT_REJECTED	False		0	0	FULL_REEVALUATE	Thin rejected (11L) — must evaluate from scratch
DDA1	detail/rejected/DDA1/DDA1-evaluation.md	rejected	11	184	CRITICAL	THIN,SHORT_REJECTED	False		0	0	FULL_REEVALUATE	Thin rejected (11L) — must evaluate from scratch
DDI2	detail/rejected/DDI2/DDI2-evaluation.md	rejected	11	184	CRITICAL	THIN,SHORT_REJECTED	False		0	0	FULL_REEVALUATE	Thin rejected (11L) — must evaluate from scratch
DDRGK1	detail/rejected/DDRGK1/DDRGK1-evaluation.md	rejected	11	188	CRITICAL	THIN,SHORT_REJECTED	False		0	0	FULL_REEVALUATE	Thin rejected (11L) — must evaluate from scratch
DDX19A	detail/rejected/DDX19A/DDX19A-evaluation.md	rejected	11	188	CRITICAL	THIN,SHORT_REJECTED	False		0	0	FULL_REEVALUATE	Thin rejected (11L) — must evaluate from scratch
DEDD2	detail/rejected/DEDD2/DEDD2-evaluation.md	rejected	11	186	CRITICAL	THIN,SHORT_REJECTED	False		0	0	FULL_REEVALUATE	Thin rejected (11L) — must evaluate from scratch
DEF8	detail/rejected/DEF8/DEF8-evaluation.md	rejected	11	184	CRITICAL	THIN,SHORT_REJECTED	False		0	0	FULL_REEVALUATE	Thin rejected (11L) — must evaluate from scratch
DEGS2	detail/rejected/DEGS2/DEGS2-evaluation.md	rejected	11	186	CRITICAL	THIN,SHORT_REJECTED	False		0	0	FULL_REEVALUATE	Thin rejected (11L) — must evaluate from scratch
DENND2C	detail/rejected/DENND2C/DENND2C-evaluation.md	rejected	11	190	CRITICAL	THIN,SHORT_REJECTED	False		0	0	FULL_REEVALUATE	Thin rejected (11L) — must evaluate from scratch
DENND4B	detail/rejected/DENND4B/DENND4B-evaluation.md	rejected	11	190	CRITICAL	THIN,SHORT_REJECTED	False		0	0	FULL_REEVALUATE	Thin rejected (11L) — must evaluate from scratch
DEPDC1B	detail/rejected/DEPDC1B/DEPDC1B-evaluation.md	rejected	11	190	CRITICAL	THIN,SHORT_REJECTED	False		0	0	FULL_REEVALUATE	Thin rejected (11L) — must evaluate from scratch
DERA	detail/rejected/DERA/DERA-evaluation.md	rejected	11	184	CRITICAL	THIN,SHORT_REJECTED	False		0	0	FULL_REEVALUATE	Thin rejected (11L) — must evaluate from scratch
DEXI	detail/rejected/DEXI/DEXI-evaluation.md	rejected	11	184	CRITICAL	THIN,SHORT_REJECTED	False		0	0	FULL_REEVALUATE	Thin rejected (11L) — must evaluate from scratch
DGKA	detail/rejected/DGKA/DGKA-evaluation.md	rejected	11	184	CRITICAL	THIN,SHORT_REJECTED	False		0	0	FULL_REEVALUATE	Thin rejected (11L) — must evaluate from scratch
DGKE	detail/rejected/DGKE/DGKE-evaluation.md	rejected	11	184	CRITICAL	THIN,SHORT_REJECTED	False		0	0	FULL_REEVALUATE	Thin rejected (11L) — must evaluate from scratch
DHDH	detail/rejected/DHDH/DHDH-evaluation.md	rejected	11	184	CRITICAL	THIN,SHORT_REJECTED	False		0	0	FULL_REEVALUATE	Thin rejected (11L) — must evaluate from scratch
DIAPH2	detail/rejected/DIAPH2/DIAPH2-evaluation.md	rejected	11	188	CRITICAL	THIN,SHORT_REJECTED	False		0	0	FULL_REEVALUATE	Thin rejected (11L) — must evaluate from scratch
DIAPH3	detail/rejected/DIAPH3/DIAPH3-evaluation.md	rejected	11	188	CRITICAL	THIN,SHORT_REJECTED	False		0	0	FULL_REEVALUATE	Thin rejected (11L) — must evaluate from scratch
DIMT1	detail/rejected/DIMT1/DIMT1-evaluation.md	rejected	11	186	CRITICAL	THIN,SHORT_REJECTED	False		0	0	FULL_REEVALUATE	Thin rejected (11L) — must evaluate from scratch
DISP3	detail/rejected/DISP3/DISP3-evaluation.md	rejected	11	186	CRITICAL	THIN,SHORT_REJECTED	False		0	0	FULL_REEVALUATE	Thin rejected (11L) — must evaluate from scratch
DLG3	detail/rejected/DLG3/DLG3-evaluation.md	rejected	11	184	CRITICAL	THIN,SHORT_REJECTED	False		0	0	FULL_REEVALUATE	Thin rejected (11L) — must evaluate from scratch
DLG4	detail/rejected/DLG4/DLG4-evaluation.md	rejected	11	184	CRITICAL	THIN,SHORT_REJECTED	False		0	0	FULL_REEVALUATE	Thin rejected (11L) — must evaluate from scratch
DLGAP4	detail/rejected/DLGAP4/DLGAP4-evaluation.md	rejected	11	188	CRITICAL	THIN,SHORT_REJECTED	False		0	0	FULL_REEVALUATE	Thin rejected (11L) — must evaluate from scratch
DLGAP5	detail/rejected/DLGAP5/DLGAP5-evaluation.md	rejected	11	188	CRITICAL	THIN,SHORT_REJECTED	False		0	0	FULL_REEVALUATE	Thin rejected (11L) — must evaluate from scratch
DLK2	detail/rejected/DLK2/DLK2-evaluation.md	rejected	11	184	CRITICAL	THIN,SHORT_REJECTED	False		0	0	FULL_REEVALUATE	Thin rejected (11L) — must evaluate from scratch
DMWD	detail/rejected/DMWD/DMWD-evaluation.md	rejected	11	184	CRITICAL	THIN,SHORT_REJECTED	False		0	0	FULL_REEVALUATE	Thin rejected (11L) — must evaluate from scratch
DMXL1	detail/rejected/DMXL1/DMXL1-evaluation.md	rejected	11	186	CRITICAL	THIN,SHORT_REJECTED	False		0	0	FULL_REEVALUATE	Thin rejected (11L) — must evaluate from scratch
DNAAF2	detail/rejected/DNAAF2/DNAAF2-evaluation.md	rejected	11	188	CRITICAL	THIN,SHORT_REJECTED	False		0	0	FULL_REEVALUATE	Thin rejected (11L) — must evaluate from scratch
DNAAF5	detail/rejected/DNAAF5/DNAAF5-evaluation.md	rejected	11	188	CRITICAL	THIN,SHORT_REJECTED	False		0	0	FULL_REEVALUATE	Thin rejected (11L) — must evaluate from scratch
DNTTIP2	detail/rejected/DNTTIP2/DNTTIP2-evaluation.md	rejected	11	190	CRITICAL	THIN,SHORT_REJECTED	False		0	0	FULL_REEVALUATE	Thin rejected (11L) — must evaluate from scratch
DOC2A	detail/rejected/DOC2A/DOC2A-evaluation.md	rejected	11	186	CRITICAL	THIN,SHORT_REJECTED	False		0	0	FULL_REEVALUATE	Thin rejected (11L) — must evaluate from scratch
DOCK1	detail/rejected/DOCK1/DOCK1-evaluation.md	rejected	11	186	CRITICAL	THIN,SHORT_REJECTED	False		0	0	FULL_REEVALUATE	Thin rejected (11L) — must evaluate from scratch
DOCK4	detail/rejected/DOCK4/DOCK4-evaluation.md	rejected	11	186	CRITICAL	THIN,SHORT_REJECTED	False		0	0	FULL_REEVALUATE	Thin rejected (11L) — must evaluate from scratch
DOLK	detail/rejected/DOLK/DOLK-evaluation.md	rejected	11	184	CRITICAL	THIN,SHORT_REJECTED	False		0	0	FULL_REEVALUATE	Thin rejected (11L) — must evaluate from scratch
DRC1	detail/rejected/DRC1/DRC1-evaluation.md	rejected	11	184	CRITICAL	THIN,SHORT_REJECTED	False		0	0	FULL_REEVALUATE	Thin rejected (11L) — must evaluate from scratch
DSEL	detail/rejected/DSEL/DSEL-evaluation.md	rejected	11	184	CRITICAL	THIN,SHORT_REJECTED	False		0	0	FULL_REEVALUATE	Thin rejected (11L) — must evaluate from scratch
DTD1	detail/rejected/DTD1/DTD1-evaluation.md	rejected	11	184	CRITICAL	THIN,SHORT_REJECTED	False		0	0	FULL_REEVALUATE	Thin rejected (11L) — must evaluate from scratch
DTWD1	detail/rejected/DTWD1/DTWD1-evaluation.md	rejected	11	186	CRITICAL	THIN,SHORT_REJECTED	False		0	0	FULL_REEVALUATE	Thin rejected (11L) — must evaluate from scratch
DTWD2	detail/rejected/DTWD2/DTWD2-evaluation.md	rejected	11	186	CRITICAL	THIN,SHORT_REJECTED	False		0	0	FULL_REEVALUATE	Thin rejected (11L) — must evaluate from scratch
DTX3	detail/rejected/DTX3/DTX3-evaluation.md	rejected	11	184	CRITICAL	THIN,SHORT_REJECTED	False		0	0	FULL_REEVALUATE	Thin rejected (11L) — must evaluate from scratch
DYNC1I1	detail/rejected/DYNC1I1/DYNC1I1-evaluation.md	rejected	11	190	CRITICAL	THIN,SHORT_REJECTED	False		0	0	FULL_REEVALUATE	Thin rejected (11L) — must evaluate from scratch
DYNLL1	detail/rejected/DYNLL1/DYNLL1-evaluation.md	rejected	11	188	CRITICAL	THIN,SHORT_REJECTED	False		0	0	FULL_REEVALUATE	Thin rejected (11L) — must evaluate from scratch
DYNLL2	detail/rejected/DYNLL2/DYNLL2-evaluation.md	rejected	11	188	CRITICAL	THIN,SHORT_REJECTED	False		0	0	FULL_REEVALUATE	Thin rejected (11L) — must evaluate from scratch
DYNLT3	detail/rejected/DYNLT3/DYNLT3-evaluation.md	rejected	11	188	CRITICAL	THIN,SHORT_REJECTED	False		0	0	FULL_REEVALUATE	Thin rejected (11L) — must evaluate from scratch
DYRK3	detail/rejected/DYRK3/DYRK3-evaluation.md	rejected	11	186	CRITICAL	THIN,SHORT_REJECTED	False		0	0	FULL_REEVALUATE	Thin rejected (11L) — must evaluate from scratch
DYRK4	detail/rejected/DYRK4/DYRK4-evaluation.md	rejected	11	186	CRITICAL	THIN,SHORT_REJECTED	False		0	0	FULL_REEVALUATE	Thin rejected (11L) — must evaluate from scratch
EAPP	detail/rejected/EAPP/EAPP-evaluation.md	rejected	11	184	CRITICAL	THIN,SHORT_REJECTED	False		0	0	FULL_REEVALUATE	Thin rejected (11L) — must evaluate from scratch
ECPAS	detail/rejected/ECPAS/ECPAS-evaluation.md	rejected	11	186	CRITICAL	THIN,SHORT_REJECTED	False		0	0	FULL_REEVALUATE	Thin rejected (11L) — must evaluate from scratch
ECT2L	detail/rejected/ECT2L/ECT2L-evaluation.md	rejected	11	186	CRITICAL	THIN,SHORT_REJECTED	False		0	0	FULL_REEVALUATE	Thin rejected (11L) — must evaluate from scratch
EEF1AKMT3	detail/rejected/EEF1AKMT3/EEF1AKMT3-evaluation.md	rejected	11	194	CRITICAL	THIN,SHORT_REJECTED	False		0	0	FULL_REEVALUATE	Thin rejected (11L) — must evaluate from scratch
EEF1D	detail/rejected/EEF1D/EEF1D-evaluation.md	rejected	11	186	CRITICAL	THIN,SHORT_REJECTED	False		0	0	FULL_REEVALUATE	Thin rejected (11L) — must evaluate from scratch
EEF1E1	detail/rejected/EEF1E1/EEF1E1-evaluation.md	rejected	11	188	CRITICAL	THIN,SHORT_REJECTED	False		0	0	FULL_REEVALUATE	Thin rejected (11L) — must evaluate from scratch
EEFSEC	detail/rejected/EEFSEC/EEFSEC-evaluation.md	rejected	11	188	CRITICAL	THIN,SHORT_REJECTED	False		0	0	FULL_REEVALUATE	Thin rejected (11L) — must evaluate from scratch
EEPD1	detail/rejected/EEPD1/EEPD1-evaluation.md	rejected	11	186	CRITICAL	THIN,SHORT_REJECTED	False		0	0	FULL_REEVALUATE	Thin rejected (11L) — must evaluate from scratch
EFCAB13	detail/rejected/EFCAB13/EFCAB13-evaluation.md	rejected	11	190	CRITICAL	THIN,SHORT_REJECTED	False		0	0	FULL_REEVALUATE	Thin rejected (11L) — must evaluate from scratch
EFCAB6	detail/rejected/EFCAB6/EFCAB6-evaluation.md	rejected	11	188	CRITICAL	THIN,SHORT_REJECTED	False		0	0	FULL_REEVALUATE	Thin rejected (11L) — must evaluate from scratch
EFCC1	detail/rejected/EFCC1/EFCC1-evaluation.md	rejected	11	186	CRITICAL	THIN,SHORT_REJECTED	False		0	0	FULL_REEVALUATE	Thin rejected (11L) — must evaluate from scratch
EID1	detail/rejected/EID1/EID1-evaluation.md	rejected	11	184	CRITICAL	THIN,SHORT_REJECTED	False		0	0	FULL_REEVALUATE	Thin rejected (11L) — must evaluate from scratch
EID2	detail/rejected/EID2/EID2-evaluation.md	rejected	11	184	CRITICAL	THIN,SHORT_REJECTED	False		0	0	FULL_REEVALUATE	Thin rejected (11L) — must evaluate from scratch
EID3	detail/rejected/EID3/EID3-evaluation.md	rejected	11	184	CRITICAL	THIN,SHORT_REJECTED	False		0	0	FULL_REEVALUATE	Thin rejected (11L) — must evaluate from scratch
EIPR1	detail/rejected/EIPR1/EIPR1-evaluation.md	rejected	11	186	CRITICAL	THIN,SHORT_REJECTED	False		0	0	FULL_REEVALUATE	Thin rejected (11L) — must evaluate from scratch
ELFN1	detail/rejected/ELFN1/ELFN1-evaluation.md	rejected	11	186	CRITICAL	THIN,SHORT_REJECTED	False		0	0	FULL_REEVALUATE	Thin rejected (11L) — must evaluate from scratch
ELFN2	detail/rejected/ELFN2/ELFN2-evaluation.md	rejected	11	186	CRITICAL	THIN,SHORT_REJECTED	False		0	0	FULL_REEVALUATE	Thin rejected (11L) — must evaluate from scratch
ELMOD1	detail/rejected/ELMOD1/ELMOD1-evaluation.md	rejected	11	188	CRITICAL	THIN,SHORT_REJECTED	False		0	0	FULL_REEVALUATE	Thin rejected (11L) — must evaluate from scratch
ELOC	detail/rejected/ELOC/ELOC-evaluation.md	rejected	11	184	CRITICAL	THIN,SHORT_REJECTED	False		0	0	FULL_REEVALUATE	Thin rejected (11L) — must evaluate from scratch
EME2	detail/rejected/EME2/EME2-evaluation.md	rejected	11	184	CRITICAL	THIN,SHORT_REJECTED	False		0	0	FULL_REEVALUATE	Thin rejected (11L) — must evaluate from scratch
EML3	detail/rejected/EML3/EML3-evaluation.md	rejected	11	184	CRITICAL	THIN,SHORT_REJECTED	False		0	0	FULL_REEVALUATE	Thin rejected (11L) — must evaluate from scratch
ENDOV	detail/rejected/ENDOV/ENDOV-evaluation.md	rejected	11	186	CRITICAL	THIN,SHORT_REJECTED	False		0	0	FULL_REEVALUATE	Thin rejected (11L) — must evaluate from scratch
ENOPH1	detail/rejected/ENOPH1/ENOPH1-evaluation.md	rejected	11	188	CRITICAL	THIN,SHORT_REJECTED	False		0	0	FULL_REEVALUATE	Thin rejected (11L) — must evaluate from scratch
ENTREP3	detail/rejected/ENTREP3/ENTREP3-evaluation.md	rejected	11	190	CRITICAL	THIN,SHORT_REJECTED	False		0	0	FULL_REEVALUATE	Thin rejected (11L) — must evaluate from scratch
EPB41	detail/rejected/EPB41/EPB41-evaluation.md	rejected	11	186	CRITICAL	THIN,SHORT_REJECTED	False		0	0	FULL_REEVALUATE	Thin rejected (11L) — must evaluate from scratch
EPN1	detail/rejected/EPN1/EPN1-evaluation.md	rejected	11	184	CRITICAL	THIN,SHORT_REJECTED	False		0	0	FULL_REEVALUATE	Thin rejected (11L) — must evaluate from scratch
EPN3	detail/rejected/EPN3/EPN3-evaluation.md	rejected	11	184	CRITICAL	THIN,SHORT_REJECTED	False		0	0	FULL_REEVALUATE	Thin rejected (11L) — must evaluate from scratch
EQTN	detail/rejected/EQTN/EQTN-evaluation.md	rejected	11	184	CRITICAL	THIN,SHORT_REJECTED	False		0	0	FULL_REEVALUATE	Thin rejected (11L) — must evaluate from scratch
ERAP1	detail/rejected/ERAP1/ERAP1-evaluation.md	rejected	11	186	CRITICAL	THIN,SHORT_REJECTED	False		0	0	FULL_REEVALUATE	Thin rejected (11L) — must evaluate from scratch
ERCC8	detail/rejected/ERCC8/ERCC8-evaluation.md	rejected	11	186	CRITICAL	THIN,SHORT_REJECTED	False		0	0	FULL_REEVALUATE	Thin rejected (11L) — must evaluate from scratch
ERGIC1	detail/rejected/ERGIC1/ERGIC1-evaluation.md	rejected	11	188	CRITICAL	THIN,SHORT_REJECTED	False		0	0	FULL_REEVALUATE	Thin rejected (11L) — must evaluate from scratch
ERGIC2	detail/rejected/ERGIC2/ERGIC2-evaluation.md	rejected	11	188	CRITICAL	THIN,SHORT_REJECTED	False		0	0	FULL_REEVALUATE	Thin rejected (11L) — must evaluate from scratch
ERI3	detail/rejected/ERI3/ERI3-evaluation.md	rejected	11	184	CRITICAL	THIN,SHORT_REJECTED	False		0	0	FULL_REEVALUATE	Thin rejected (11L) — must evaluate from scratch
ERICH1	detail/rejected/ERICH1/ERICH1-evaluation.md	rejected	11	188	CRITICAL	THIN,SHORT_REJECTED	False		0	0	FULL_REEVALUATE	Thin rejected (11L) — must evaluate from scratch
ERICH3	detail/rejected/ERICH3/ERICH3-evaluation.md	rejected	11	188	CRITICAL	THIN,SHORT_REJECTED	False		0	0	FULL_REEVALUATE	Thin rejected (11L) — must evaluate from scratch
ERP29	detail/rejected/ERP29/ERP29-evaluation.md	rejected	11	186	CRITICAL	THIN,SHORT_REJECTED	False		0	0	FULL_REEVALUATE	Thin rejected (11L) — must evaluate from scratch
ESF1	detail/rejected/ESF1/ESF1-evaluation.md	rejected	11	184	CRITICAL	THIN,SHORT_REJECTED	False		0	0	FULL_REEVALUATE	Thin rejected (11L) — must evaluate from scratch
ETAA1	detail/rejected/ETAA1/ETAA1-evaluation.md	rejected	11	186	CRITICAL	THIN,SHORT_REJECTED	False		0	0	FULL_REEVALUATE	Thin rejected (11L) — must evaluate from scratch
ETNK1	detail/rejected/ETNK1/ETNK1-evaluation.md	rejected	11	186	CRITICAL	THIN,SHORT_REJECTED	False		0	0	FULL_REEVALUATE	Thin rejected (11L) — must evaluate from scratch
EVC2	detail/rejected/EVC2/EVC2-evaluation.md	rejected	11	184	CRITICAL	THIN,SHORT_REJECTED	False		0	0	FULL_REEVALUATE	Thin rejected (11L) — must evaluate from scratch
EVI5	detail/rejected/EVI5/EVI5-evaluation.md	rejected	11	184	CRITICAL	THIN,SHORT_REJECTED	False		0	0	FULL_REEVALUATE	Thin rejected (11L) — must evaluate from scratch
EXOC3L2	detail/rejected/EXOC3L2/EXOC3L2-evaluation.md	rejected	11	190	CRITICAL	THIN,SHORT_REJECTED	False		0	0	FULL_REEVALUATE	Thin rejected (11L) — must evaluate from scratch
EYA4	detail/rejected/EYA4/EYA4-evaluation.md	rejected	11	184	CRITICAL	THIN,SHORT_REJECTED	False		0	0	FULL_REEVALUATE	Thin rejected (11L) — must evaluate from scratch
F8A2	detail/rejected/F8A2/F8A2-evaluation.md	rejected	11	184	CRITICAL	THIN,SHORT_REJECTED	False		0	0	FULL_REEVALUATE	Thin rejected (11L) — must evaluate from scratch
FA2H	detail/rejected/FA2H/FA2H-evaluation.md	rejected	11	184	CRITICAL	THIN,SHORT_REJECTED	False		0	0	FULL_REEVALUATE	Thin rejected (11L) — must evaluate from scratch
FADS3	detail/rejected/FADS3/FADS3-evaluation.md	rejected	11	186	CRITICAL	THIN,SHORT_REJECTED	False		0	0	FULL_REEVALUATE	Thin rejected (11L) — must evaluate from scratch
FAM107A	detail/rejected/FAM107A/FAM107A-evaluation.md	rejected	11	190	CRITICAL	THIN,SHORT_REJECTED	False		0	0	FULL_REEVALUATE	Thin rejected (11L) — must evaluate from scratch
FAM107B	detail/rejected/FAM107B/FAM107B-evaluation.md	rejected	11	190	CRITICAL	THIN,SHORT_REJECTED	False		0	0	FULL_REEVALUATE	Thin rejected (11L) — must evaluate from scratch
FAM110C	detail/rejected/FAM110C/FAM110C-evaluation.md	rejected	11	190	CRITICAL	THIN,SHORT_REJECTED	False		0	0	FULL_REEVALUATE	Thin rejected (11L) — must evaluate from scratch
FAM111A	detail/rejected/FAM111A/FAM111A-evaluation.md	rejected	11	190	CRITICAL	THIN,SHORT_REJECTED	False		0	0	FULL_REEVALUATE	Thin rejected (11L) — must evaluate from scratch
FAM111B	detail/rejected/FAM111B/FAM111B-evaluation.md	rejected	11	190	CRITICAL	THIN,SHORT_REJECTED	False		0	0	FULL_REEVALUATE	Thin rejected (11L) — must evaluate from scratch
FAM114A1	detail/rejected/FAM114A1/FAM114A1-evaluation.md	rejected	11	192	CRITICAL	THIN,SHORT_REJECTED	False		0	0	FULL_REEVALUATE	Thin rejected (11L) — must evaluate from scratch
FAM120B	detail/rejected/FAM120B/FAM120B-evaluation.md	rejected	11	190	CRITICAL	THIN,SHORT_REJECTED	False		0	0	FULL_REEVALUATE	Thin rejected (11L) — must evaluate from scratch
FAM120C	detail/rejected/FAM120C/FAM120C-evaluation.md	rejected	11	190	CRITICAL	THIN,SHORT_REJECTED	False		0	0	FULL_REEVALUATE	Thin rejected (11L) — must evaluate from scratch
FAM124B	detail/rejected/FAM124B/FAM124B-evaluation.md	rejected	11	190	CRITICAL	THIN,SHORT_REJECTED	False		0	0	FULL_REEVALUATE	Thin rejected (11L) — must evaluate from scratch
FAM131B	detail/rejected/FAM131B/FAM131B-evaluation.md	rejected	11	190	CRITICAL	THIN,SHORT_REJECTED	False		0	0	FULL_REEVALUATE	Thin rejected (11L) — must evaluate from scratch
FAM133A	detail/rejected/FAM133A/FAM133A-evaluation.md	rejected	11	190	CRITICAL	THIN,SHORT_REJECTED	False		0	0	FULL_REEVALUATE	Thin rejected (11L) — must evaluate from scratch
FAM133B	detail/rejected/FAM133B/FAM133B-evaluation.md	rejected	11	190	CRITICAL	THIN,SHORT_REJECTED	False		0	0	FULL_REEVALUATE	Thin rejected (11L) — must evaluate from scratch
FAM13B	detail/rejected/FAM13B/FAM13B-evaluation.md	rejected	11	188	CRITICAL	THIN,SHORT_REJECTED	False		0	0	FULL_REEVALUATE	Thin rejected (11L) — must evaluate from scratch
FAM161A	detail/rejected/FAM161A/FAM161A-evaluation.md	rejected	11	190	CRITICAL	THIN,SHORT_REJECTED	False		0	0	FULL_REEVALUATE	Thin rejected (11L) — must evaluate from scratch
FAM168A	detail/rejected/FAM168A/FAM168A-evaluation.md	rejected	11	190	CRITICAL	THIN,SHORT_REJECTED	False		0	0	FULL_REEVALUATE	Thin rejected (11L) — must evaluate from scratch
FAM177A1	detail/rejected/FAM177A1/FAM177A1-evaluation.md	rejected	11	192	CRITICAL	THIN,SHORT_REJECTED	False		0	0	FULL_REEVALUATE	Thin rejected (11L) — must evaluate from scratch
FAM181B	detail/rejected/FAM181B/FAM181B-evaluation.md	rejected	11	190	CRITICAL	THIN,SHORT_REJECTED	False		0	0	FULL_REEVALUATE	Thin rejected (11L) — must evaluate from scratch
FAM186A	detail/rejected/FAM186A/FAM186A-evaluation.md	rejected	11	190	CRITICAL	THIN,SHORT_REJECTED	False		0	0	FULL_REEVALUATE	Thin rejected (11L) — must evaluate from scratch
FAM193A	detail/rejected/FAM193A/FAM193A-evaluation.md	rejected	11	190	CRITICAL	THIN,SHORT_REJECTED	False		0	0	FULL_REEVALUATE	Thin rejected (11L) — must evaluate from scratch
FAM20B	detail/rejected/FAM20B/FAM20B-evaluation.md	rejected	11	188	CRITICAL	THIN,SHORT_REJECTED	False		0	0	FULL_REEVALUATE	Thin rejected (11L) — must evaluate from scratch
FAM219A	detail/rejected/FAM219A/FAM219A-evaluation.md	rejected	11	190	CRITICAL	THIN,SHORT_REJECTED	False		0	0	FULL_REEVALUATE	Thin rejected (11L) — must evaluate from scratch
FAM222B	detail/rejected/FAM222B/FAM222B-evaluation.md	rejected	11	190	CRITICAL	THIN,SHORT_REJECTED	False		0	0	FULL_REEVALUATE	Thin rejected (11L) — must evaluate from scratch
FAM241B	detail/rejected/FAM241B/FAM241B-evaluation.md	rejected	11	190	CRITICAL	THIN,SHORT_REJECTED	False		0	0	FULL_REEVALUATE	Thin rejected (11L) — must evaluate from scratch
FAM50B	detail/rejected/FAM50B/FAM50B-evaluation.md	rejected	11	188	CRITICAL	THIN,SHORT_REJECTED	False		0	0	FULL_REEVALUATE	Thin rejected (11L) — must evaluate from scratch
FAM53A	detail/rejected/FAM53A/FAM53A-evaluation.md	rejected	11	188	CRITICAL	THIN,SHORT_REJECTED	False		0	0	FULL_REEVALUATE	Thin rejected (11L) — must evaluate from scratch
FAM78A	detail/rejected/FAM78A/FAM78A-evaluation.md	rejected	11	188	CRITICAL	THIN,SHORT_REJECTED	False		0	0	FULL_REEVALUATE	Thin rejected (11L) — must evaluate from scratch
FAM81A	detail/rejected/FAM81A/FAM81A-evaluation.md	rejected	11	188	CRITICAL	THIN,SHORT_REJECTED	False		0	0	FULL_REEVALUATE	Thin rejected (11L) — must evaluate from scratch
FAM98B	detail/rejected/FAM98B/FAM98B-evaluation.md	rejected	11	188	CRITICAL	THIN,SHORT_REJECTED	False		0	0	FULL_REEVALUATE	Thin rejected (11L) — must evaluate from scratch
FAM98C	detail/rejected/FAM98C/FAM98C-evaluation.md	rejected	11	188	CRITICAL	THIN,SHORT_REJECTED	False		0	0	FULL_REEVALUATE	Thin rejected (11L) — must evaluate from scratch
FAR2	detail/rejected/FAR2/FAR2-evaluation.md	rejected	11	184	CRITICAL	THIN,SHORT_REJECTED	False		0	0	FULL_REEVALUATE	Thin rejected (11L) — must evaluate from scratch
FBLIM1	detail/rejected/FBLIM1/FBLIM1-evaluation.md	rejected	11	188	CRITICAL	THIN,SHORT_REJECTED	False		0	0	FULL_REEVALUATE	Thin rejected (11L) — must evaluate from scratch
FBRS	detail/rejected/FBRS/FBRS-evaluation.md	rejected	11	184	CRITICAL	THIN,SHORT_REJECTED	False		0	0	FULL_REEVALUATE	Thin rejected (11L) — must evaluate from scratch
FBXL2	detail/rejected/FBXL2/FBXL2-evaluation.md	rejected	11	186	CRITICAL	THIN,SHORT_REJECTED	False		0	0	FULL_REEVALUATE	Thin rejected (11L) — must evaluate from scratch
FBXL21P	detail/rejected/FBXL21P/FBXL21P-evaluation.md	rejected	11	190	CRITICAL	THIN,SHORT_REJECTED	False		0	0	FULL_REEVALUATE	Thin rejected (11L) — must evaluate from scratch
FBXO10	detail/rejected/FBXO10/FBXO10-evaluation.md	rejected	11	188	CRITICAL	THIN,SHORT_REJECTED	False		0	0	FULL_REEVALUATE	Thin rejected (11L) — must evaluate from scratch
FBXO16	detail/rejected/FBXO16/FBXO16-evaluation.md	rejected	11	188	CRITICAL	THIN,SHORT_REJECTED	False		0	0	FULL_REEVALUATE	Thin rejected (11L) — must evaluate from scratch
FBXO25	detail/rejected/FBXO25/FBXO25-evaluation.md	rejected	11	188	CRITICAL	THIN,SHORT_REJECTED	False		0	0	FULL_REEVALUATE	Thin rejected (11L) — must evaluate from scratch
FBXO3	detail/rejected/FBXO3/FBXO3-evaluation.md	rejected	11	186	CRITICAL	THIN,SHORT_REJECTED	False		0	0	FULL_REEVALUATE	Thin rejected (11L) — must evaluate from scratch
FBXO31	detail/rejected/FBXO31/FBXO31-evaluation.md	rejected	11	188	CRITICAL	THIN,SHORT_REJECTED	False		0	0	FULL_REEVALUATE	Thin rejected (11L) — must evaluate from scratch
FBXO33	detail/rejected/FBXO33/FBXO33-evaluation.md	rejected	11	188	CRITICAL	THIN,SHORT_REJECTED	False		0	0	FULL_REEVALUATE	Thin rejected (11L) — must evaluate from scratch
FBXO34	detail/rejected/FBXO34/FBXO34-evaluation.md	rejected	11	188	CRITICAL	THIN,SHORT_REJECTED	False		0	0	FULL_REEVALUATE	Thin rejected (11L) — must evaluate from scratch
FBXO41	detail/rejected/FBXO41/FBXO41-evaluation.md	rejected	11	188	CRITICAL	THIN,SHORT_REJECTED	False		0	0	FULL_REEVALUATE	Thin rejected (11L) — must evaluate from scratch
FBXO44	detail/rejected/FBXO44/FBXO44-evaluation.md	rejected	11	188	CRITICAL	THIN,SHORT_REJECTED	False		0	0	FULL_REEVALUATE	Thin rejected (11L) — must evaluate from scratch
FBXO46	detail/rejected/FBXO46/FBXO46-evaluation.md	rejected	11	188	CRITICAL	THIN,SHORT_REJECTED	False		0	0	FULL_REEVALUATE	Thin rejected (11L) — must evaluate from scratch
FBXO5	detail/rejected/FBXO5/FBXO5-evaluation.md	rejected	11	186	CRITICAL	THIN,SHORT_REJECTED	False		0	0	FULL_REEVALUATE	Thin rejected (11L) — must evaluate from scratch
FBXO7	detail/rejected/FBXO7/FBXO7-evaluation.md	rejected	11	186	CRITICAL	THIN,SHORT_REJECTED	False		0	0	FULL_REEVALUATE	Thin rejected (11L) — must evaluate from scratch
FBXO8	detail/rejected/FBXO8/FBXO8-evaluation.md	rejected	11	186	CRITICAL	THIN,SHORT_REJECTED	False		0	0	FULL_REEVALUATE	Thin rejected (11L) — must evaluate from scratch
FBXW10B	detail/rejected/FBXW10B/FBXW10B-evaluation.md	rejected	11	190	CRITICAL	THIN,SHORT_REJECTED	False		0	0	FULL_REEVALUATE	Thin rejected (11L) — must evaluate from scratch
FBXW2	detail/rejected/FBXW2/FBXW2-evaluation.md	rejected	11	186	CRITICAL	THIN,SHORT_REJECTED	False		0	0	FULL_REEVALUATE	Thin rejected (11L) — must evaluate from scratch
FCF1	detail/rejected/FCF1/FCF1-evaluation.md	rejected	11	184	CRITICAL	THIN,SHORT_REJECTED	False		0	0	FULL_REEVALUATE	Thin rejected (11L) — must evaluate from scratch
FEM1B	detail/rejected/FEM1B/FEM1B-evaluation.md	rejected	11	186	CRITICAL	THIN,SHORT_REJECTED	False		0	0	FULL_REEVALUATE	Thin rejected (11L) — must evaluate from scratch
FERMT2	detail/rejected/FERMT2/FERMT2-evaluation.md	rejected	11	188	CRITICAL	THIN,SHORT_REJECTED	False		0	0	FULL_REEVALUATE	Thin rejected (11L) — must evaluate from scratch
FERRY3	detail/rejected/FERRY3/FERRY3-evaluation.md	rejected	11	188	CRITICAL	THIN,SHORT_REJECTED	False		0	0	FULL_REEVALUATE	Thin rejected (11L) — must evaluate from scratch
FGF11	detail/rejected/FGF11/FGF11-evaluation.md	rejected	11	186	CRITICAL	THIN,SHORT_REJECTED	False		0	0	FULL_REEVALUATE	Thin rejected (11L) — must evaluate from scratch
FGF14	detail/rejected/FGF14/FGF14-evaluation.md	rejected	11	186	CRITICAL	THIN,SHORT_REJECTED	False		0	0	FULL_REEVALUATE	Thin rejected (11L) — must evaluate from scratch
FHAD1	detail/rejected/FHAD1/FHAD1-evaluation.md	rejected	11	186	CRITICAL	THIN,SHORT_REJECTED	False		0	0	FULL_REEVALUATE	Thin rejected (11L) — must evaluate from scratch
FICD	detail/rejected/FICD/FICD-evaluation.md	rejected	11	184	CRITICAL	THIN,SHORT_REJECTED	False		0	0	FULL_REEVALUATE	Thin rejected (11L) — must evaluate from scratch
FIGN	detail/rejected/FIGN/FIGN-evaluation.md	rejected	11	184	CRITICAL	THIN,SHORT_REJECTED	False		0	0	FULL_REEVALUATE	Thin rejected (11L) — must evaluate from scratch
FILIP1L	detail/rejected/FILIP1L/FILIP1L-evaluation.md	rejected	11	190	CRITICAL	THIN,SHORT_REJECTED	False		0	0	FULL_REEVALUATE	Thin rejected (11L) — must evaluate from scratch
FKBP14	detail/rejected/FKBP14/FKBP14-evaluation.md	rejected	11	188	CRITICAL	THIN,SHORT_REJECTED	False		0	0	FULL_REEVALUATE	Thin rejected (11L) — must evaluate from scratch
FKBP3	detail/rejected/FKBP3/FKBP3-evaluation.md	rejected	11	186	CRITICAL	THIN,SHORT_REJECTED	False		0	0	FULL_REEVALUATE	Thin rejected (11L) — must evaluate from scratch
FKBP6	detail/rejected/FKBP6/FKBP6-evaluation.md	rejected	11	186	CRITICAL	THIN,SHORT_REJECTED	False		0	0	FULL_REEVALUATE	Thin rejected (11L) — must evaluate from scratch
FKBPL	detail/rejected/FKBPL/FKBPL-evaluation.md	rejected	11	186	CRITICAL	THIN,SHORT_REJECTED	False		0	0	FULL_REEVALUATE	Thin rejected (11L) — must evaluate from scratch
FKTN	detail/rejected/FKTN/FKTN-evaluation.md	rejected	11	184	CRITICAL	THIN,SHORT_REJECTED	False		0	0	FULL_REEVALUATE	Thin rejected (11L) — must evaluate from scratch
FLYWCH2	detail/rejected/FLYWCH2/FLYWCH2-evaluation.md	rejected	11	190	CRITICAL	THIN,SHORT_REJECTED	False		0	0	FULL_REEVALUATE	Thin rejected (11L) — must evaluate from scratch
FN3KRP	detail/rejected/FN3KRP/FN3KRP-evaluation.md	rejected	11	188	CRITICAL	THIN,SHORT_REJECTED	False		0	0	FULL_REEVALUATE	Thin rejected (11L) — must evaluate from scratch
FNDC3A	detail/rejected/FNDC3A/FNDC3A-evaluation.md	rejected	11	188	CRITICAL	THIN,SHORT_REJECTED	False		0	0	FULL_REEVALUATE	Thin rejected (11L) — must evaluate from scratch
FOXD4	detail/rejected/FOXD4/FOXD4-evaluation.md	rejected	11	186	CRITICAL	THIN,SHORT_REJECTED	False		0	0	FULL_REEVALUATE	Thin rejected (11L) — must evaluate from scratch
FOXD4L1	detail/rejected/FOXD4L1/FOXD4L1-evaluation.md	rejected	11	190	CRITICAL	THIN,SHORT_REJECTED	False		0	0	FULL_REEVALUATE	Thin rejected (11L) — must evaluate from scratch
FOXD4L4	detail/rejected/FOXD4L4/FOXD4L4-evaluation.md	rejected	11	190	CRITICAL	THIN,SHORT_REJECTED	False		0	0	FULL_REEVALUATE	Thin rejected (11L) — must evaluate from scratch
FOXD4L6	detail/rejected/FOXD4L6/FOXD4L6-evaluation.md	rejected	11	190	CRITICAL	THIN,SHORT_REJECTED	False		0	0	FULL_REEVALUATE	Thin rejected (11L) — must evaluate from scratch
FOXL2NB	detail/rejected/FOXL2NB/FOXL2NB-evaluation.md	rejected	11	190	CRITICAL	THIN,SHORT_REJECTED	False		0	0	FULL_REEVALUATE	Thin rejected (11L) — must evaluate from scratch
FOXL3	detail/rejected/FOXL3/FOXL3-evaluation.md	rejected	11	186	CRITICAL	THIN,SHORT_REJECTED	False		0	0	FULL_REEVALUATE	Thin rejected (11L) — must evaluate from scratch
FRA10AC1	detail/rejected/FRA10AC1/FRA10AC1-evaluation.md	rejected	11	192	CRITICAL	THIN,SHORT_REJECTED	False		0	0	FULL_REEVALUATE	Thin rejected (11L) — must evaluate from scratch
FRAT2	detail/rejected/FRAT2/FRAT2-evaluation.md	rejected	11	186	CRITICAL	THIN,SHORT_REJECTED	False		0	0	FULL_REEVALUATE	Thin rejected (11L) — must evaluate from scratch
FRMD4A	detail/rejected/FRMD4A/FRMD4A-evaluation.md	rejected	11	188	CRITICAL	THIN,SHORT_REJECTED	False		0	0	FULL_REEVALUATE	Thin rejected (11L) — must evaluate from scratch
FSD2	detail/rejected/FSD2/FSD2-evaluation.md	rejected	11	184	CRITICAL	THIN,SHORT_REJECTED	False		0	0	FULL_REEVALUATE	Thin rejected (11L) — must evaluate from scratch
FUT9	detail/rejected/FUT9/FUT9-evaluation.md	rejected	11	184	CRITICAL	THIN,SHORT_REJECTED	False		0	0	FULL_REEVALUATE	Thin rejected (11L) — must evaluate from scratch
FYB1	detail/rejected/FYB1/FYB1-evaluation.md	rejected	11	184	CRITICAL	THIN,SHORT_REJECTED	False		0	0	FULL_REEVALUATE	Thin rejected (11L) — must evaluate from scratch
Fcor	detail/rejected/Fcor/Fcor-evaluation.md	rejected	11	184	CRITICAL	THIN,SHORT_REJECTED	False		0	0	FULL_REEVALUATE	Thin rejected (11L) — must evaluate from scratch
GAB3	detail/rejected/GAB3/GAB3-evaluation.md	rejected	11	184	CRITICAL	THIN,SHORT_REJECTED	False		0	0	FULL_REEVALUATE	Thin rejected (11L) — must evaluate from scratch
GABARAPL2	detail/rejected/GABARAPL2/GABARAPL2-evaluation.md	rejected	11	194	CRITICAL	THIN,SHORT_REJECTED	False		0	0	FULL_REEVALUATE	Thin rejected (11L) — must evaluate from scratch
GALNT10	detail/rejected/GALNT10/GALNT10-evaluation.md	rejected	11	190	CRITICAL	THIN,SHORT_REJECTED	False		0	0	FULL_REEVALUATE	Thin rejected (11L) — must evaluate from scratch
GALNT12	detail/rejected/GALNT12/GALNT12-evaluation.md	rejected	11	190	CRITICAL	THIN,SHORT_REJECTED	False		0	0	FULL_REEVALUATE	Thin rejected (11L) — must evaluate from scratch
GALNT14	detail/rejected/GALNT14/GALNT14-evaluation.md	rejected	11	190	CRITICAL	THIN,SHORT_REJECTED	False		0	0	FULL_REEVALUATE	Thin rejected (11L) — must evaluate from scratch
GALNT17	detail/rejected/GALNT17/GALNT17-evaluation.md	rejected	11	190	CRITICAL	THIN,SHORT_REJECTED	False		0	0	FULL_REEVALUATE	Thin rejected (11L) — must evaluate from scratch
GALNT5	detail/rejected/GALNT5/GALNT5-evaluation.md	rejected	11	188	CRITICAL	THIN,SHORT_REJECTED	False		0	0	FULL_REEVALUATE	Thin rejected (11L) — must evaluate from scratch
GALNT6	detail/rejected/GALNT6/GALNT6-evaluation.md	rejected	11	188	CRITICAL	THIN,SHORT_REJECTED	False		0	0	FULL_REEVALUATE	Thin rejected (11L) — must evaluate from scratch
GAREM1	detail/rejected/GAREM1/GAREM1-evaluation.md	rejected	11	188	CRITICAL	THIN,SHORT_REJECTED	False		0	0	FULL_REEVALUATE	Thin rejected (11L) — must evaluate from scratch
GARIN1A	detail/rejected/GARIN1A/GARIN1A-evaluation.md	rejected	11	190	CRITICAL	THIN,SHORT_REJECTED	False		0	0	FULL_REEVALUATE	Thin rejected (11L) — must evaluate from scratch
GARIN5A	detail/rejected/GARIN5A/GARIN5A-evaluation.md	rejected	11	190	CRITICAL	THIN,SHORT_REJECTED	False		0	0	FULL_REEVALUATE	Thin rejected (11L) — must evaluate from scratch
GARRE1	detail/rejected/GARRE1/GARRE1-evaluation.md	rejected	11	188	CRITICAL	THIN,SHORT_REJECTED	False		0	0	FULL_REEVALUATE	Thin rejected (11L) — must evaluate from scratch
