gene	excel_sheets	has_any_report	has_scored_report	has_rejected_report	has_duplicate	duplicate_status	current_status	current_lines	current_chars	needs_new_evaluation	skip_reason
ABL1	研究很少	False	False	False	False	OK	missing	0	0	True	
ACD	研究很少	False	False	False	False	OK	missing	0	0	True	
ACLY	研究很少	False	False	False	False	OK	missing	0	0	True	
ACSS2	研究很少	False	False	False	False	OK	missing	0	0	True	
AGO2	研究很少	False	False	False	False	OK	missing	0	0	True	
AGO3	研究很少	False	False	False	False	OK	missing	0	0	True	
AHR	研究很少	False	False	False	False	OK	missing	0	0	True	
AIRE	研究很少	False	False	False	False	OK	missing	0	0	True	
AKAP11	研究很少	False	False	False	False	OK	missing	0	0	True	
AKAP13	研究很少	False	False	False	False	OK	missing	0	0	True	
ALKBH5	研究很少	False	False	False	False	OK	missing	0	0	True	
ANG	研究很少	False	False	False	False	OK	missing	0	0	True	
APEX1	研究很少	False	False	False	False	OK	missing	0	0	True	
APEX2	研究很少	False	False	False	False	OK	missing	0	0	True	
AR	研究很少	False	False	False	False	OK	missing	0	0	True	
ARX	研究很少	False	False	False	False	OK	missing	0	0	True	
ASH1L	研究很少	False	False	False	False	OK	missing	0	0	True	
ASH2L	研究很少	False	False	False	False	OK	missing	0	0	True	
ASPA	研究很少	False	False	False	False	OK	missing	0	0	True	
ASXL1	研究很少	False	False	False	False	OK	missing	0	0	True	
ATF1	研究很少	False	False	False	False	OK	missing	0	0	True	
ATF2	研究很少	False	False	False	False	OK	missing	0	0	True	
ATF3	研究很少	False	False	False	False	OK	missing	0	0	True	
ATF4	研究很少	False	False	False	False	OK	missing	0	0	True	
ATF6	研究很少	False	False	False	False	OK	missing	0	0	True	
ATG16L2	研究很少	False	False	False	False	OK	missing	0	0	True	
ATG7	研究很少	False	False	False	False	OK	missing	0	0	True	
ATM	研究很少	False	False	False	False	OK	missing	0	0	True	
ATOH1	研究很少	False	False	False	False	OK	missing	0	0	True	
ATR	研究很少	False	False	False	False	OK	missing	0	0	True	
ATRX	研究很少	False	False	False	False	OK	missing	0	0	True	
ATXN1	研究很少	False	False	False	False	OK	missing	0	0	True	
AXIN1	研究很少	False	False	False	False	OK	missing	0	0	True	
Ahcy	Sheet1	False	False	False	False	OK	missing	0	0	True	
Alyref	Sheet1	False	False	False	False	OK	missing	0	0	True	
Anp32a	Sheet1	False	False	False	False	OK	missing	0	0	True	
B9D2	Sheet1	False	False	False	False	OK	missing	0	0	True	
BACH1	研究很少	False	False	False	False	OK	missing	0	0	True	
BACH2	研究很少	False	False	False	False	OK	missing	0	0	True	
BAG1	Sheet1	False	False	False	False	OK	missing	0	0	True	
BAG3	研究很少	False	False	False	False	OK	missing	0	0	True	
BAG6	Sheet1	False	False	False	False	OK	missing	0	0	True	
BAMBI	Sheet1	False	False	False	False	OK	missing	0	0	True	
BANF1	Sheet1	False	False	False	False	OK	missing	0	0	True	
BANP	Sheet1	False	False	False	False	OK	missing	0	0	True	
BAP1	研究很少	False	False	False	False	OK	missing	0	0	True	
BARD1	Sheet1	False	False	False	False	OK	missing	0	0	True	
BARX1	Sheet1	False	False	False	False	OK	missing	0	0	True	
BATF	研究很少	False	False	False	False	OK	missing	0	0	True	
BATF2	Sheet1	False	False	False	False	OK	missing	0	0	True	
BATF3	研究很少	False	False	False	False	OK	missing	0	0	True	
BCAR1	研究很少	False	False	False	False	OK	missing	0	0	True	
BCL10	Sheet1	False	False	False	False	OK	missing	0	0	True	
BCL11B	研究很少	False	False	False	False	OK	missing	0	0	True	
BCL2L1	Sheet1	False	False	False	False	OK	missing	0	0	True	
BCL3	Sheet1	False	False	False	False	OK	missing	0	0	True	
BCL9	Sheet1	False	False	False	False	OK	missing	0	0	True	
BCL9L	Sheet1	False	False	False	False	OK	missing	0	0	True	
BCOR	研究很少	False	False	False	False	OK	missing	0	0	True	
BCORL1	Sheet1	False	False	False	False	OK	missing	0	0	True	
BCR	研究很少	False	False	False	False	OK	missing	0	0	True	
BECN1	Sheet1	False	False	False	False	OK	missing	0	0	True	
BEND3	Sheet1	False	False	False	False	OK	missing	0	0	True	
BHLHE22	Sheet1	False	False	False	False	OK	missing	0	0	True	
BHLHE23	Sheet1	False	False	False	False	OK	missing	0	0	True	
BHLHE40	研究很少	False	False	False	False	OK	missing	0	0	True	
BHLHE41	Sheet1	False	False	False	False	OK	missing	0	0	True	
BHMT	Sheet1	False	False	False	False	OK	missing	0	0	True	
BIRC2	Sheet1	False	False	False	False	OK	missing	0	0	True	
BIRC3	Sheet1	False	False	False	False	OK	missing	0	0	True	
BIRC5	Sheet1	False	False	False	False	OK	missing	0	0	True	
BLM	研究很少	False	False	False	False	OK	missing	0	0	True	
BMAL1	研究很少	False	False	False	False	OK	missing	0	0	True	
BMAL2	Sheet1	False	False	False	False	OK	missing	0	0	True	
BMPR2	Sheet1	False	False	False	False	OK	missing	0	0	True	
BMX	Sheet1	False	False	False	False	OK	missing	0	0	True	
BNIP3L	Sheet1	False	False	False	False	OK	missing	0	0	True	
BORA	Sheet1	False	False	False	False	OK	missing	0	0	True	
BPTF	研究很少	False	False	False	False	OK	missing	0	0	True	
BRAP	Sheet1	False	False	False	False	OK	missing	0	0	True	
BRCA1	研究很少	False	False	False	False	OK	missing	0	0	True	
BRCA2	研究很少	False	False	False	False	OK	missing	0	0	True	
BRDT	Sheet1	False	False	False	False	OK	missing	0	0	True	
BRF1	Sheet1	False	False	False	False	OK	missing	0	0	True	
BRMS1	Sheet1	False	False	False	False	OK	missing	0	0	True	
BRMS1L	Sheet1	False	False	False	False	OK	missing	0	0	True	
BRPF1	Sheet1	False	False	False	False	OK	missing	0	0	True	
BTG1	Sheet1	False	False	False	False	OK	missing	0	0	True	
BTG2	Sheet1	False	False	False	False	OK	missing	0	0	True	
BTRC	研究很少	False	False	False	False	OK	missing	0	0	True	
BUB1	Sheet1	False	False	False	False	OK	missing	0	0	True	
BUB1B	Sheet1	False	False	False	False	OK	missing	0	0	True	
BUB3	Sheet1	False	False	False	False	OK	missing	0	0	True	
Bex4	重新pa一下	False	False	False	False	OK	missing	0	0	True	
Bmi1	研究很少	False	False	False	False	OK	missing	0	0	True	
Bod1	重新pa一下	False	False	False	False	OK	missing	0	0	True	
Bola2	重新pa一下	False	False	False	False	OK	missing	0	0	True	
Brcc3	重新pa一下	False	False	False	False	OK	missing	0	0	True	
C1GALT1	Sheet1	False	False	False	False	OK	missing	0	0	True	
CA13	Sheet1	False	False	False	False	OK	missing	0	0	True	
CABIN1	Sheet1	False	False	False	False	OK	missing	0	0	True	
CACYBP	Sheet1	False	False	False	False	OK	missing	0	0	True	
CAD	研究很少	False	False	False	False	OK	missing	0	0	True	
CALCOCO1	Sheet1	False	False	False	False	OK	missing	0	0	True	
CALCOCO2	Sheet1	False	False	False	False	OK	missing	0	0	True	
CAMTA1	Sheet1	False	False	False	False	OK	missing	0	0	True	
CAND1	Sheet1	False	False	False	False	OK	missing	0	0	True	
CAPG	Sheet1	False	False	False	False	OK	missing	0	0	True	
CARM1	研究很少	False	False	False	False	OK	missing	0	0	True	
CASK	Sheet1	False	False	False	False	OK	missing	0	0	True	
CBFB	研究很少	False	False	False	False	OK	missing	0	0	True	
CBLB	Sheet1	False	False	False	False	OK	missing	0	0	True	
CBR1	Sheet1	False	False	False	False	OK	missing	0	0	True	
CC2D1A	Sheet1	False	False	False	False	OK	missing	0	0	True	
CCAR2	Sheet1	False	False	False	False	OK	missing	0	0	True	
CCDC171	研究很多	False	False	False	False	OK	missing	0	0	True	
CCDC175	研究很多	False	False	False	False	OK	missing	0	0	True	
CCDC18	研究很多	False	False	False	False	OK	missing	0	0	True	
CCDC181	研究很多	False	False	False	False	OK	missing	0	0	True	
CCDC183	研究很多	False	False	False	False	OK	missing	0	0	True	
CCDC27	研究很多	False	False	False	False	OK	missing	0	0	True	
CCDC34	研究很多	False	False	False	False	OK	missing	0	0	True	
CCDC69	研究很多	False	False	False	False	OK	missing	0	0	True	
CCDC7	研究很多	False	False	False	False	OK	missing	0	0	True	
CCDC71	研究很多	False	False	False	False	OK	missing	0	0	True	
CCDC74B	研究很多	False	False	False	False	OK	missing	0	0	True	
CCSER2	研究很多	False	False	False	False	OK	missing	0	0	True	
CD34	研究很少	False	False	False	False	OK	missing	0	0	True	
CD72	Sheet1	False	False	False	False	OK	missing	0	0	True	
CD83	研究很少	False	False	False	False	OK	missing	0	0	True	
CDA	研究很少	False	False	False	False	OK	missing	0	0	True	
CDR2	Sheet1	False	False	False	False	OK	missing	0	0	True	
CDT1	研究很少	False	False	False	False	OK	missing	0	0	True	
CDX1	Sheet1	False	False	False	False	OK	missing	0	0	True	
CDX2	研究很少	False	False	False	False	OK	missing	0	0	True	
CEBPA	研究很少	False	False	False	False	OK	missing	0	0	True	
CEBPB	研究很少	False	False	False	False	OK	missing	0	0	True	
CEBPD	Sheet1	False	False	False	False	OK	missing	0	0	True	
CEBPE	Sheet1	False	False	False	False	OK	missing	0	0	True	
CEMP1	Sheet1	False	False	False	False	OK	missing	0	0	True	
CENPA	Sheet1	False	False	False	False	OK	missing	0	0	True	
CENPB	Sheet1	False	False	False	False	OK	missing	0	0	True	
CENPC	Sheet1	False	False	False	False	OK	missing	0	0	True	
CENPE	Sheet1	False	False	False	False	OK	missing	0	0	True	
CENPF	Sheet1	False	False	False	False	OK	missing	0	0	True	
CEP290	Sheet1	False	False	False	False	OK	missing	0	0	True	
CERS2	Sheet1	False	False	False	False	OK	missing	0	0	True	
CETN2	Sheet1	False	False	False	False	OK	missing	0	0	True	
CFL1	Sheet1	False	False	False	False	OK	missing	0	0	True	
CFL2	Sheet1	False	False	False	False	OK	missing	0	0	True	
CFLAR	Sheet1	False	False	False	False	OK	missing	0	0	True	
CGAS	研究很少	False	False	False	False	OK	missing	0	0	True	
CHEK2	研究很少	False	False	False	False	OK	missing	0	0	True	
CHM	Sheet1	False	False	False	False	OK	missing	0	0	True	
CHTF8	重新pa一下	False	False	False	False	OK	missing	0	0	True	
CHUK	Sheet1	False	False	False	False	OK	missing	0	0	True	
CIART	Sheet1	False	False	False	False	OK	missing	0	0	True	
CIC	研究很少	False	False	False	False	OK	missing	0	0	True	
CIDEC	Sheet1	False	False	False	False	OK	missing	0	0	True	
CIITA	研究很少	False	False	False	False	OK	missing	0	0	True	
CIP2A	Sheet1	False	False	False	False	OK	missing	0	0	True	
CKS1B	研究很少	False	False	False	False	OK	missing	0	0	True	
CKS2	Sheet1	False	False	False	False	OK	missing	0	0	True	
CLEC16A	Sheet1	False	False	False	False	OK	missing	0	0	True	
CLN6	Sheet1	False	False	False	False	OK	missing	0	0	True	
CLOCK	研究很少	False	False	False	False	OK	missing	0	0	True	
CLSPN	Sheet1	False	False	False	False	OK	missing	0	0	True	
COIL	研究很少	False	False	False	False	OK	missing	0	0	True	
COP1	研究很少	False	False	False	False	OK	missing	0	0	True	
CPA3	Sheet1	False	False	False	False	OK	missing	0	0	True	
CRABP2	Sheet1	False	False	False	False	OK	missing	0	0	True	
CREB3	Sheet1	False	False	False	False	OK	missing	0	0	True	
CREB3L1	Sheet1	False	False	False	False	OK	missing	0	0	True	
CREB3L2	Sheet1	False	False	False	False	OK	missing	0	0	True	
CREB3L3	Sheet1	False	False	False	False	OK	missing	0	0	True	
CREB5	Sheet1	False	False	False	False	OK	missing	0	0	True	
CREBBP	研究很少	False	False	False	False	OK	missing	0	0	True	
CREM	Sheet1	False	False	False	False	OK	missing	0	0	True	
CRIP1	Sheet1	False	False	False	False	OK	missing	0	0	True	
CRKL	Sheet1	False	False	False	False	OK	missing	0	0	True	
CRTC1	Sheet1	False	False	False	False	OK	missing	0	0	True	
CRTC2	Sheet1	False	False	False	False	OK	missing	0	0	True	
CRX	研究很少	False	False	False	False	OK	missing	0	0	True	
CRYBB2	Sheet1	False	False	False	False	OK	missing	0	0	True	
CSE1L	Sheet1	False	False	False	False	OK	missing	0	0	True	
CSTA	Sheet1	False	False	False	False	OK	missing	0	0	True	
CSTB	Sheet1	False	False	False	False	OK	missing	0	0	True	
CTBP2	Sheet1	False	False	False	False	OK	missing	0	0	True	
CTC1	Sheet1	False	False	False	False	OK	missing	0	0	True	
CTNND2	Sheet1	False	False	False	False	OK	missing	0	0	True	
CTSV	Sheet1	False	False	False	False	OK	missing	0	0	True	
CTTNBP2NL	研究很多	False	False	False	False	OK	missing	0	0	True	
CTXN1	研究很多	False	False	False	False	OK	missing	0	0	True	
CUL5	Sheet1	False	False	False	False	OK	missing	0	0	True	
CUX2	研究很少	False	False	False	False	OK	missing	0	0	True	
CYB5RL	研究很多	False	False	False	False	OK	missing	0	0	True	
CYFIP2	Sheet1	False	False	False	False	OK	missing	0	0	True	
CYGB	Sheet1	False	False	False	False	OK	missing	0	0	True	
CYLD	Sheet1	False	False	False	False	OK	missing	0	0	True	
CYSRT1	研究很多	False	False	False	False	OK	missing	0	0	True	
Cenps	重新pa一下	False	False	False	False	OK	missing	0	0	True	
Chmp4b	重新pa一下	False	False	False	False	OK	missing	0	0	True	
DAB2	Sheet1	False	False	False	False	OK	missing	0	0	True	
DALRD3	研究很多	False	False	False	False	OK	missing	0	0	True	
DAP	研究很少	False	False	False	False	OK	missing	0	0	True	
DAXX	研究很少	False	False	False	False	OK	missing	0	0	True	
DAZL	研究很少	False	False	False	False	OK	missing	0	0	True	
DBP	研究很少	False	False	False	False	OK	missing	0	0	True	
DCAKD	研究很多	False	False	False	False	OK	missing	0	0	True	
DCK	Sheet1	False	False	False	False	OK	missing	0	0	True	
DCLK1	Sheet1	False	False	False	False	OK	missing	0	0	True	
DCPH1	研究很多	False	False	False	False	OK	missing	0	0	True	
DCTD	Sheet1	False	False	False	False	OK	missing	0	0	True	
DCTN4	研究很多	False	False	False	False	OK	missing	0	0	True	
DDAH1	Sheet1	False	False	False	False	OK	missing	0	0	True	
DDIT3	研究很少	False	False	False	False	OK	missing	0	0	True	
DDN	Sheet1	False	False	False	False	OK	missing	0	0	True	
DEDD	Sheet1	False	False	False	False	OK	missing	0	0	True	
DEK	研究很少	False	False	False	False	OK	missing	0	0	True	
DENND1C	研究很多	False	False	False	False	OK	missing	0	0	True	
DEPTOR	Sheet1	False	False	False	False	OK	missing	0	0	True	
DFFB	Sheet1	False	False	False	False	OK	missing	0	0	True	
DGAT1	Sheet1	False	False	False	False	OK	missing	0	0	True	
DGCR8	研究很少	False	False	False	False	OK	missing	0	0	True	
DGKQ	Sheet1	False	False	False	False	OK	missing	0	0	True	
DGKZ	Sheet1	False	False	False	False	OK	missing	0	0	True	
DHPS	Sheet1	False	False	False	False	OK	missing	0	0	True	
DIO2	Sheet1	False	False	False	False	OK	missing	0	0	True	
DISP2	研究很多	False	False	False	False	OK	missing	0	0	True	
DLD	研究很少	False	False	False	False	OK	missing	0	0	True	
DLL3	Sheet1	False	False	False	False	OK	missing	0	0	True	
DLST	Sheet1	False	False	False	False	OK	missing	0	0	True	
DLX1	研究很少	False	False	False	False	OK	missing	0	0	True	
DLX2	研究很少	False	False	False	False	OK	missing	0	0	True	
DLX3	Sheet1	False	False	False	False	OK	missing	0	0	True	
DLX4	Sheet1	False	False	False	False	OK	missing	0	0	True	
DLX5	研究很少	False	False	False	False	OK	missing	0	0	True	
DLX6	Sheet1	False	False	False	False	OK	missing	0	0	True	
DMRT1	研究很少	False	False	False	False	OK	missing	0	0	True	
DMRT2	Sheet1	False	False	False	False	OK	missing	0	0	True	
DMRTC1	研究很多	False	False	False	False	OK	missing	0	0	True	
DMRTC1B	研究很多	False	False	False	False	OK	missing	0	0	True	
DNAL1	研究很多	False	False	False	False	OK	missing	0	0	True	
DOHH	研究很少	False	False	False	False	OK	missing	0	0	True	
DOK1	Sheet1	False	False	False	False	OK	missing	0	0	True	
DOP1A	研究很多	False	False	False	False	OK	missing	0	0	True	
DOP1B	研究很多	False	False	False	False	OK	missing	0	0	True	
DOT1L	研究很少	False	False	False	False	OK	missing	0	0	True	
DPPA2	研究很少	False	False	False	False	OK	missing	0	0	True	
DPPA3	研究很少	False	False	False	False	OK	missing	0	0	True	
DPPA4	研究很少	False	False	False	False	OK	missing	0	0	True	
DPYSL5	Sheet1	False	False	False	False	OK	missing	0	0	True	
DROSHA	研究很少	False	False	False	False	OK	missing	0	0	True	
DTL	Sheet1	False	False	False	False	OK	missing	0	0	True	
DUX4	研究很少	False	False	False	False	OK	missing	0	0	True	
DVL2	Sheet1	False	False	False	False	OK	missing	0	0	True	
DYNC2I2	研究很多	False	False	False	False	OK	missing	0	0	True	
DYRK1A	研究很少	False	False	False	False	OK	missing	0	0	True	
Dcun1d1	重新pa一下	False	False	False	False	OK	missing	0	0	True	
Derpc	研究很多	False	False	False	False	OK	missing	0	0	True	
Dpy19l2	研究很多	False	False	False	False	OK	missing	0	0	True	
E2F1	研究很少	False	False	False	False	OK	missing	0	0	True	
E2F3	研究很少	False	False	False	False	OK	missing	0	0	True	
E2F4	研究很少	False	False	False	False	OK	missing	0	0	True	
EBF1	研究很少	False	False	False	False	OK	missing	0	0	True	
EBF2	研究很少	False	False	False	False	OK	missing	0	0	True	
EBLN2	研究很多	False	False	False	False	OK	missing	0	0	True	
EBP	研究很少	False	False	False	False	OK	missing	0	0	True	
ECD	研究很少	False	False	False	False	OK	missing	0	0	True	
EED	研究很少	False	False	False	False	OK	missing	0	0	True	
EEF1B2	研究很多	False	False	False	False	OK	missing	0	0	True	
EEIG2	研究很多	False	False	False	False	OK	missing	0	0	True	
EFCAB12	研究很多	False	False	False	False	OK	missing	0	0	True	
EFCAB5	研究很多	False	False	False	False	OK	missing	0	0	True	
EFHB	研究很多	False	False	False	False	OK	missing	0	0	True	
EFS	研究很少	False	False	False	False	OK	missing	0	0	True	
EHF	研究很少	False	False	False	False	OK	missing	0	0	True	
EHMT1	研究很少	False	False	False	False	OK	missing	0	0	True	
ELF1	研究很少	False	False	False	False	OK	missing	0	0	True	
ELK1	研究很少	False	False	False	False	OK	missing	0	0	True	
ELL	研究很少	False	False	False	False	OK	missing	0	0	True	
ELMOD2	研究很多	False	False	False	False	OK	missing	0	0	True	
EMD	研究很少	False	False	False	False	OK	missing	0	0	True	
EMX1	研究很少	False	False	False	False	OK	missing	0	0	True	
EN1	研究很少	False	False	False	False	OK	missing	0	0	True	
ENTPD7	研究很多	False	False	False	False	OK	missing	0	0	True	
ENTREP2	研究很多	False	False	False	False	OK	missing	0	0	True	
EOMES	研究很少	False	False	False	False	OK	missing	0	0	True	
EPAS1	研究很少	False	False	False	False	OK	missing	0	0	True	
EPHX3	研究很多	False	False	False	False	OK	missing	0	0	True	
ERBB2	研究很少	False	False	False	False	OK	missing	0	0	True	
ERG	研究很少	False	False	False	False	OK	missing	0	0	True	
ERICH2	研究很多	False	False	False	False	OK	missing	0	0	True	
ERICH4	研究很多	False	False	False	False	OK	missing	0	0	True	
ERICH5	研究很多	False	False	False	False	OK	missing	0	0	True	
ERLN	研究很多	False	False	False	False	OK	missing	0	0	True	
ESPNL	研究很多	False	False	False	False	OK	missing	0	0	True	
ESR2	研究很少	False	False	False	False	OK	missing	0	0	True	
ESRRB	研究很少	False	False	False	False	OK	missing	0	0	True	
ETS1	研究很少	False	False	False	False	OK	missing	0	0	True	
ETS2	研究很少	False	False	False	False	OK	missing	0	0	True	
ETV1	研究很少	False	False	False	False	OK	missing	0	0	True	
ETV2	研究很少	False	False	False	False	OK	missing	0	0	True	
ETV4	研究很少	False	False	False	False	OK	missing	0	0	True	
ETV6	研究很少	False	False	False	False	OK	missing	0	0	True	
EVPLL	研究很多	False	False	False	False	OK	missing	0	0	True	
EXO1	研究很少	False	False	False	False	OK	missing	0	0	True	
EZH1	研究很少	False	False	False	False	OK	missing	0	0	True	
EZH2	研究很少	False	False	False	False	OK	missing	0	0	True	
EZHIP	研究很少	False	False	False	False	OK	missing	0	0	True	
FABP4	研究很少	False	False	False	False	OK	missing	0	0	True	
FAH	研究很少	False	False	False	False	OK	missing	0	0	True	
FAM117A	研究很多	False	False	False	False	OK	missing	0	0	True	
FAM117B	研究很多	False	False	False	False	OK	missing	0	0	True	
FAM124A	研究很多	False	False	False	False	OK	missing	0	0	True	
FAM135B	研究很多	False	False	False	False	OK	missing	0	0	True	
FAM13C	研究很多	False	False	False	False	OK	missing	0	0	True	
FAM163B	研究很多	False	False	False	False	OK	missing	0	0	True	
FAM174C	研究很多	False	False	False	False	OK	missing	0	0	True	
FAM217B	研究很多	False	False	False	False	OK	missing	0	0	True	
FAM219B	研究很多	False	False	False	False	OK	missing	0	0	True	
FAM234A	研究很多	False	False	False	False	OK	missing	0	0	True	
FAM240C	研究很多	False	False	False	False	OK	missing	0	0	True	
FAM76A	研究很多	False	False	False	False	OK	missing	0	0	True	
FAM89A	研究很多	False	False	False	False	OK	missing	0	0	True	
FAM90A1	研究很多	False	False	False	False	OK	missing	0	0	True	
FAM90A10	研究很多	False	False	False	False	OK	missing	0	0	True	
FAM90A11	研究很多	False	False	False	False	OK	missing	0	0	True	
FAM90A12	研究很多	False	False	False	False	OK	missing	0	0	True	
FAM90A13	研究很多	False	False	False	False	OK	missing	0	0	True	
FAM90A14	研究很多	False	False	False	False	OK	missing	0	0	True	
FAM90A15	研究很多	False	False	False	False	OK	missing	0	0	True	
FAM90A16	研究很多	False	False	False	False	OK	missing	0	0	True	
FAM90A17	研究很多	False	False	False	False	OK	missing	0	0	True	
FAM90A18	研究很多	False	False	False	False	OK	missing	0	0	True	
FAM90A19	研究很多	False	False	False	False	OK	missing	0	0	True	
FAM90A20	研究很多	False	False	False	False	OK	missing	0	0	True	
FAM90A22	研究很多	False	False	False	False	OK	missing	0	0	True	
FAM90A23	研究很多	False	False	False	False	OK	missing	0	0	True	
FAM90A24	研究很多	False	False	False	False	OK	missing	0	0	True	
FAM90A26	研究很多	False	False	False	False	OK	missing	0	0	True	
FAM90A3	研究很多	False	False	False	False	OK	missing	0	0	True	
FAM90A5	研究很多	False	False	False	False	OK	missing	0	0	True	
FAM90A7	研究很多	False	False	False	False	OK	missing	0	0	True	
FAM90A8	研究很多	False	False	False	False	OK	missing	0	0	True	
FAM90A9	研究很多	False	False	False	False	OK	missing	0	0	True	
FAM91A1	研究很多	False	False	False	False	OK	missing	0	0	True	
FANCD2	研究很少	False	False	False	False	OK	missing	0	0	True	
FARSB	研究很多	False	False	False	False	OK	missing	0	0	True	
FAXC	研究很多	False	False	False	False	OK	missing	0	0	True	
FBRSL1	研究很多	False	False	False	False	OK	missing	0	0	True	
FBXL6	研究很多	False	False	False	False	OK	missing	0	0	True	
FCHSD1	研究很多	False	False	False	False	OK	missing	0	0	True	
FDXACB1	研究很多	False	False	False	False	OK	missing	0	0	True	
FEM1C	研究很多	False	False	False	False	OK	missing	0	0	True	
FEZ2	研究很多	False	False	False	False	OK	missing	0	0	True	
FGF3	研究很少	False	False	False	False	OK	missing	0	0	True	
FHIP2A	研究很多	False	False	False	False	OK	missing	0	0	True	
FHIP2B	研究很多	False	False	False	False	OK	missing	0	0	True	
FKBP15	研究很多	False	False	False	False	OK	missing	0	0	True	
FLI1	研究很少	False	False	False	False	OK	missing	0	0	True	
FNBP4	研究很多	False	False	False	False	OK	missing	0	0	True	
FNDC11	研究很多	False	False	False	False	OK	missing	0	0	True	
FOS	研究很少	False	False	False	False	OK	missing	0	0	True	
FOSB	研究很少	False	False	False	False	OK	missing	0	0	True	
FOSL1	研究很少	False	False	False	False	OK	missing	0	0	True	
FOSL2	研究很少	False	False	False	False	OK	missing	0	0	True	
FOXA1	研究很少	False	False	False	False	OK	missing	0	0	True	
FOXA2	研究很少	False	False	False	False	OK	missing	0	0	True	
FOXA3	研究很少	False	False	False	False	OK	missing	0	0	True	
FOXC1	研究很少	False	False	False	False	OK	missing	0	0	True	
FOXD1	研究很少	False	False	False	False	OK	missing	0	0	True	
FOXD3	研究很少	False	False	False	False	OK	missing	0	0	True	
FOXG1	研究很少	False	False	False	False	OK	missing	0	0	True	
FOXK1	研究很少	False	False	False	False	OK	missing	0	0	True	
FOXL2	研究很少	False	False	False	False	OK	missing	0	0	True	
FOXM1	研究很少	False	False	False	False	OK	missing	0	0	True	
FOXN1	研究很少	False	False	False	False	OK	missing	0	0	True	
FOXO1	研究很少	False	False	False	False	OK	missing	0	0	True	
FOXO3	研究很少	False	False	False	False	OK	missing	0	0	True	
FOXP1	研究很少	False	False	False	False	OK	missing	0	0	True	
FOXP2	研究很少	False	False	False	False	OK	missing	0	0	True	
FOXP3	研究很少	False	False	False	False	OK	missing	0	0	True	
FRMD4B	研究很多	False	False	False	False	OK	missing	0	0	True	
FRMD7	研究很多	False	False	False	False	OK	missing	0	0	True	
FSIP1	研究很多	False	False	False	False	OK	missing	0	0	True	
Fam220a	研究很多	False	False	False	False	OK	missing	0	0	True	
Foxd4	重新pa一下	False	False	False	False	OK	missing	0	0	True	
G3BP1	研究很少	False	False	False	False	OK	missing	0	0	True	
GABPA	研究很少	False	False	False	False	OK	missing	0	0	True	
GAL3ST1	研究很多	False	False	False	False	OK	missing	0	0	True	
GAL3ST4	研究很多	False	False	False	False	OK	missing	0	0	True	
GARIN1B	研究很多	False	False	False	False	OK	missing	0	0	True	
GARNL3	研究很多	False	False	False	False	OK	missing	0	0	True	
GATA1	研究很少	False	False	False	False	OK	missing	0	0	True	
GATA2	研究很少	False	False	False	False	OK	missing	0	0	True	
GATA3	研究很少	False	False	False	False	OK	missing	0	0	True	
GATA4	研究很少	False	False	False	False	OK	missing	0	0	True	
GATA6	研究很少	False	False	False	False	OK	missing	0	0	True	
GCNT7	研究很多	False	False	False	False	OK	missing	0	0	True	
GEN1	研究很少	False	False	False	False	OK	missing	0	0	True	
GINM1	研究很多	False	False	False	False	OK	missing	0	0	True	
GPS2	研究很少	False	False	False	False	OK	missing	0	0	True	
GRAMD2B	研究很多	False	False	False	False	OK	missing	0	0	True	
GRHL2	研究很少	False	False	False	False	OK	missing	0	0	True	
GSC	研究很少	False	False	False	False	OK	missing	0	0	True	
GSK3B	研究很少	False	False	False	False	OK	missing	0	0	True	
GTSF1L	研究很多	False	False	False	False	OK	missing	0	0	True	
GUCD1	研究很多	False	False	False	False	OK	missing	0	0	True	
GVQW3	研究很多	False	False	False	False	OK	missing	0	0	True	
Gbp3	重新pa一下	False	False	False	False	OK	missing	0	0	True	
Gbp4	Sheet1	False	False	False	False	OK	missing	0	0	True	
Gcna	重新pa一下	False	False	False	False	OK	missing	0	0	True	
Gmcl1	重新pa一下	False	False	False	False	OK	missing	0	0	True	
Gon4l	Sheet1	False	False	False	False	OK	missing	0	0	True	
HAND2	研究很少	False	False	False	False	OK	missing	0	0	True	
HAP1	研究很少	False	False	False	False	OK	missing	0	0	True	
HAUS7	研究很多	False	False	False	False	OK	missing	0	0	True	
HDC	研究很少	False	False	False	False	OK	missing	0	0	True	
HDHD3	研究很多	False	False	False	False	OK	missing	0	0	True	
HEATR3	研究很多	False	False	False	False	OK	missing	0	0	True	
HECTD2	研究很多	False	False	False	False	OK	missing	0	0	True	
HECTD4	研究很多	False	False	False	False	OK	missing	0	0	True	
HERC4	研究很多	False	False	False	False	OK	missing	0	0	True	
HES1	研究很少	False	False	False	False	OK	missing	0	0	True	
HES2	研究很少	False	False	False	False	OK	missing	0	0	True	
HES3	研究很少	False	False	False	False	OK	missing	0	0	True	
HES5	研究很少	False	False	False	False	OK	missing	0	0	True	
HIF1A	研究很少	False	False	False	False	OK	missing	0	0	True	
HIRA	研究很少	False	False	False	False	OK	missing	0	0	True	
HLF	研究很少	False	False	False	False	OK	missing	0	0	True	
HMGA2	研究很少	False	False	False	False	OK	missing	0	0	True	
HMGN1	研究很少	False	False	False	False	OK	missing	0	0	True	
HMGN4	研究很少	False	False	False	False	OK	missing	0	0	True	
HMX3	研究很少	False	False	False	False	OK	missing	0	0	True	
HNF1B	研究很少	False	False	False	False	OK	missing	0	0	True	
HNF4A	研究很少	False	False	False	False	OK	missing	0	0	True	
HOPX	研究很少	False	False	False	False	OK	missing	0	0	True	
HR	研究很少	False	False	False	False	OK	missing	0	0	True	
HRAS	研究很少	False	False	False	False	OK	missing	0	0	True	
HS1BP3	研究很多	False	False	False	False	OK	missing	0	0	True	
HSBP1L1	研究很多	False	False	False	False	OK	missing	0	0	True	
HTT	研究很少	False	False	False	False	OK	missing	0	0	True	
HUS1B	研究很多	False	False	False	False	OK	missing	0	0	True	
HUWE1	研究很少	False	False	False	False	OK	missing	0	0	True	
HYDIN	研究很多	False	False	False	False	OK	missing	0	0	True	
HYKK	研究很多	False	False	False	False	OK	missing	0	0	True	
Hmga1	Sheet1	False	False	False	False	OK	missing	0	0	True	
ID1	研究很少	False	False	False	False	OK	missing	0	0	True	
ID2	研究很少	False	False	False	False	OK	missing	0	0	True	
ID3	研究很少	False	False	False	False	OK	missing	0	0	True	
ID4	研究很少	False	False	False	False	OK	missing	0	0	True	
IDH1	研究很少	False	False	False	False	OK	missing	0	0	True	
IFFO2	研究很多	False	False	False	False	OK	missing	0	0	True	
IK	研究很少	False	False	False	False	OK	missing	0	0	True	
IKBKB	研究很少	False	False	False	False	OK	missing	0	0	True	
IMPACT	研究很少	False	False	False	False	OK	missing	0	0	True	
INSYN1	研究很多	False	False	False	False	OK	missing	0	0	True	
IQCE	研究很多	False	False	False	False	OK	missing	0	0	True	
IQCF3	研究很多	False	False	False	False	OK	missing	0	0	True	
ISL1	研究很少	False	False	False	False	OK	missing	0	0	True	
ITGB3	研究很少	False	False	False	False	OK	missing	0	0	True	
ITPRID1	研究很多	False	False	False	False	OK	missing	0	0	True	
JAK2	研究很少	False	False	False	False	OK	missing	0	0	True	
JARID2	研究很少	False	False	False	False	OK	missing	0	0	True	
JDP2	研究很少	False	False	False	False	OK	missing	0	0	True	
JUN	研究很少	False	False	False	False	OK	missing	0	0	True	
JUNB	研究很少	False	False	False	False	OK	missing	0	0	True	
JUND	研究很少	False	False	False	False	OK	missing	0	0	True	
KATNA1	研究很多	False	False	False	False	OK	missing	0	0	True	
KATNIP	研究很多	False	False	False	False	OK	missing	0	0	True	
KBTBD2	研究很多	False	False	False	False	OK	missing	0	0	True	
KCTD11	研究很多	False	False	False	False	OK	missing	0	0	True	
KCTD6	研究很多	False	False	False	False	OK	missing	0	0	True	
KEAP1	研究很少	False	False	False	False	OK	missing	0	0	True	
KIAA0930	研究很多	False	False	False	False	OK	missing	0	0	True	
KIAA1143	研究很多	False	False	False	False	OK	missing	0	0	True	
KIAA1191	研究很多	False	False	False	False	OK	missing	0	0	True	
KIAA1328	研究很多	False	False	False	False	OK	missing	0	0	True	
KIAA1549L	研究很多	False	False	False	False	OK	missing	0	0	True	
KIAA1586	研究很多	False	False	False	False	OK	missing	0	0	True	
KIAA1614	研究很多	False	False	False	False	OK	missing	0	0	True	
KIAA1755	研究很多	False	False	False	False	OK	missing	0	0	True	
KLF1	研究很少	False	False	False	False	OK	missing	0	0	True	
KLF15	研究很少	False	False	False	False	OK	missing	0	0	True	
KLF2	研究很少	False	False	False	False	OK	missing	0	0	True	
KLF5	研究很少	False	False	False	False	OK	missing	0	0	True	
KLF9	研究很少	False	False	False	False	OK	missing	0	0	True	
KLHDC9	研究很多	False	False	False	False	OK	missing	0	0	True	
KLHL11	研究很多	False	False	False	False	OK	missing	0	0	True	
KLHL2	研究很多	False	False	False	False	OK	missing	0	0	True	
KLHL32	研究很多	False	False	False	False	OK	missing	0	0	True	
KLHL35	研究很多	False	False	False	False	OK	missing	0	0	True	
KLHL38	研究很多	False	False	False	False	OK	missing	0	0	True	
KLHL42	研究很多	False	False	False	False	OK	missing	0	0	True	
KLHL8	研究很多	False	False	False	False	OK	missing	0	0	True	
KLRG2	研究很多	False	False	False	False	OK	missing	0	0	True	
KY	研究很少	False	False	False	False	OK	missing	0	0	True	
LACTBL1	研究很多	False	False	False	False	OK	missing	0	0	True	
LATS2	研究很少	False	False	False	False	OK	missing	0	0	True	
LBHD1	研究很多	False	False	False	False	OK	missing	0	0	True	
LBR	研究很少	False	False	False	False	OK	missing	0	0	True	
LCA5L	研究很多	False	False	False	False	OK	missing	0	0	True	
LDB1	研究很少	False	False	False	False	OK	missing	0	0	True	
LDLRAD1	研究很多	False	False	False	False	OK	missing	0	0	True	
LEF1	研究很少	False	False	False	False	OK	missing	0	0	True	
LEKR1	研究很多	False	False	False	False	OK	missing	0	0	True	
LENG1	研究很多	False	False	False	False	OK	missing	0	0	True	
LEO1	研究很少	False	False	False	False	OK	missing	0	0	True	
LFNG	研究很少	False	False	False	False	OK	missing	0	0	True	
LGALS3	研究很少	False	False	False	False	OK	missing	0	0	True	
LHX2	研究很少	False	False	False	False	OK	missing	0	0	True	
LHX3	研究很少	False	False	False	False	OK	missing	0	0	True	
LHX6	研究很少	False	False	False	False	OK	missing	0	0	True	
LIG4	研究很少	False	False	False	False	OK	missing	0	0	True	
LINS1	研究很多	False	False	False	False	OK	missing	0	0	True	
LMNA	研究很少	False	False	False	False	OK	missing	0	0	True	
LMNB1	研究很少	False	False	False	False	OK	missing	0	0	True	
LMNTD1	研究很多	False	False	False	False	OK	missing	0	0	True	
LMO1	研究很少	False	False	False	False	OK	missing	0	0	True	
LMO2	研究很少	False	False	False	False	OK	missing	0	0	True	
LMX1A	研究很少	False	False	False	False	OK	missing	0	0	True	
LONRF3	研究很多	False	False	False	False	OK	missing	0	0	True	
LRIT3	研究很多	False	False	False	False	OK	missing	0	0	True	
LRMDA	研究很多	False	False	False	False	OK	missing	0	0	True	
LRP12	研究很多	False	False	False	False	OK	missing	0	0	True	
LRRC14	研究很多	False	False	False	False	OK	missing	0	0	True	
LRRC14B	研究很多	False	False	False	False	OK	missing	0	0	True	
LRRC2	研究很多	False	False	False	False	OK	missing	0	0	True	
LRRC20	研究很多	False	False	False	False	OK	missing	0	0	True	
LRRC23	研究很多	False	False	False	False	OK	missing	0	0	True	
LRRC27	研究很多	False	False	False	False	OK	missing	0	0	True	
LRRC28	研究很多	False	False	False	False	OK	missing	0	0	True	
LRRC40	研究很多	False	False	False	False	OK	missing	0	0	True	
LRRC41	研究很多	False	False	False	False	OK	missing	0	0	True	
LRRC42	研究很多	False	False	False	False	OK	missing	0	0	True	
LRRC46	研究很多	False	False	False	False	OK	missing	0	0	True	
LRRC61	研究很多	False	False	False	False	OK	missing	0	0	True	
LRRC75A	研究很多	False	False	False	False	OK	missing	0	0	True	
LRRC75B	研究很多	False	False	False	False	OK	missing	0	0	True	
LRRC9	研究很多	False	False	False	False	OK	missing	0	0	True	
LRRIQ3	研究很多	False	False	False	False	OK	missing	0	0	True	
LRRN3	研究很多	False	False	False	False	OK	missing	0	0	True	
LRRN4	研究很多	False	False	False	False	OK	missing	0	0	True	
LRRN4CL	研究很多	False	False	False	False	OK	missing	0	0	True	
LURAP1L	研究很多	False	False	False	False	OK	missing	0	0	True	
LZIC	研究很多	False	False	False	False	OK	missing	0	0	True	
M1AP	研究很多	False	False	False	False	OK	missing	0	0	True	
MAB21L3	研究很多	False	False	False	False	OK	missing	0	0	True	
MACROD2	研究很少	False	False	False	False	OK	missing	0	0	True	
MACROH2A1	研究很少	False	False	False	False	OK	missing	0	0	True	
MAF	研究很少	False	False	False	False	OK	missing	0	0	True	
MAFA	研究很少	False	False	False	False	OK	missing	0	0	True	
MAFB	研究很少	False	False	False	False	OK	missing	0	0	True	
MAFG	研究很少	False	False	False	False	OK	missing	0	0	True	
MAGEA9B	研究很多	False	False	False	False	OK	missing	0	0	True	
MAGEB17	研究很多	False	False	False	False	OK	missing	0	0	True	
MAK	研究很少	False	False	False	False	OK	missing	0	0	True	
MALT1	研究很少	False	False	False	False	OK	missing	0	0	True	
MAMDC4	研究很多	False	False	False	False	OK	missing	0	0	True	
MANBAL	研究很多	False	False	False	False	OK	missing	0	0	True	
MAP7D2	研究很多	False	False	False	False	OK	missing	0	0	True	
MAP7D3	研究很多	False	False	False	False	OK	missing	0	0	True	
MATCAP1	研究很多	False	False	False	False	OK	missing	0	0	True	
MATCAP2	研究很多	False	False	False	False	OK	missing	0	0	True	
MATR3	研究很少	False	False	False	False	OK	missing	0	0	True	
MAX	研究很少	False	False	False	False	OK	missing	0	0	True	
MBP	研究很少	False	False	False	False	OK	missing	0	0	True	
MCC	研究很少	False	False	False	False	OK	missing	0	0	True	
MCTP2	研究很多	False	False	False	False	OK	missing	0	0	True	
MDM2	研究很少	False	False	False	False	OK	missing	0	0	True	
MDM4	研究很少	False	False	False	False	OK	missing	0	0	True	
ME1	研究很少	False	False	False	False	OK	missing	0	0	True	
MEA1	研究很多	False	False	False	False	OK	missing	0	0	True	
MECOM	研究很少	False	False	False	False	OK	missing	0	0	True	
MECP2	研究很少	False	False	False	False	OK	missing	0	0	True	
MEF2B	研究很少	False	False	False	False	OK	missing	0	0	True	
MEF2C	研究很少	False	False	False	False	OK	missing	0	0	True	
MEF2D	研究很少	False	False	False	False	OK	missing	0	0	True	
MEIS1	研究很少	False	False	False	False	OK	missing	0	0	True	
MEIS2	研究很少	False	False	False	False	OK	missing	0	0	True	
MEN1	研究很少	False	False	False	False	OK	missing	0	0	True	
MESP1	研究很少	False	False	False	False	OK	missing	0	0	True	
METTL14	研究很少	False	False	False	False	OK	missing	0	0	True	
METTL25B	研究很多	False	False	False	False	OK	missing	0	0	True	
METTL3	研究很少	False	False	False	False	OK	missing	0	0	True	
MFHAS1	研究很多	False	False	False	False	OK	missing	0	0	True	
MGA	研究很少	False	False	False	False	OK	missing	0	0	True	
MGMT	研究很少	False	False	False	False	OK	missing	0	0	True	
MITF	研究很少	False	False	False	False	OK	missing	0	0	True	
MIXL1	研究很少	False	False	False	False	OK	missing	0	0	True	
MKX	研究很少	False	False	False	False	OK	missing	0	0	True	
MLH1	研究很少	False	False	False	False	OK	missing	0	0	True	
MLLT3	研究很少	False	False	False	False	OK	missing	0	0	True	
MN1	研究很少	False	False	False	False	OK	missing	0	0	True	
MNT	研究很少	False	False	False	False	OK	missing	0	0	True	
MOK	研究很少	False	False	False	False	OK	missing	0	0	True	
MORN1	研究很多	False	False	False	False	OK	missing	0	0	True	
MORN3	研究很多	False	False	False	False	OK	missing	0	0	True	
MPLKIP	重新pa一下	False	False	False	False	OK	missing	0	0	True	
MPO	研究很少	False	False	False	False	OK	missing	0	0	True	
MRE11	研究很少	False	False	False	False	OK	missing	0	0	True	
MROH6	研究很多	False	False	False	False	OK	missing	0	0	True	
MROH8	研究很多	False	False	False	False	OK	missing	0	0	True	
MS4A14	研究很多	False	False	False	False	OK	missing	0	0	True	
MSC	研究很少	False	False	False	False	OK	missing	0	0	True	
MSL1	研究很少	False	False	False	False	OK	missing	0	0	True	
MSL2	研究很少	False	False	False	False	OK	missing	0	0	True	
MSL3	研究很少	False	False	False	False	OK	missing	0	0	True	
MSX1	研究很少	False	False	False	False	OK	missing	0	0	True	
MTCL3	研究很多	False	False	False	False	OK	missing	0	0	True	
MTF2	研究很少	False	False	False	False	OK	missing	0	0	True	
MVP	研究很少	False	False	False	False	OK	missing	0	0	True	
MX1	研究很少	False	False	False	False	OK	missing	0	0	True	
MYB	研究很少	False	False	False	False	OK	missing	0	0	True	
MYBL2	研究很少	False	False	False	False	OK	missing	0	0	True	
MYCN	研究很少	False	False	False	False	OK	missing	0	0	True	
MYD88	研究很少	False	False	False	False	OK	missing	0	0	True	
MYF5	研究很少	False	False	False	False	OK	missing	0	0	True	
MYF6	研究很少	False	False	False	False	OK	missing	0	0	True	
MYOD1	研究很少	False	False	False	False	OK	missing	0	0	True	
MZT2B	研究很多	False	False	False	False	OK	missing	0	0	True	
Mef2b	研究很少	False	False	False	False	OK	missing	0	0	True	
Meis3	Sheet1	False	False	False	False	OK	missing	0	0	True	
Mrfap1	重新pa一下	False	False	False	False	OK	missing	0	0	True	
Msl3	研究很少	False	False	False	False	OK	missing	0	0	True	
Mycl	Sheet1	False	False	False	False	OK	missing	0	0	True	
Mycn	研究很少	False	False	False	False	OK	missing	0	0	True	
NAA11	重新pa一下	False	False	False	False	OK	missing	0	0	True	
NAALADL2	研究很多	False	False	False	False	OK	missing	0	0	True	
NAMPT	研究很少	False	False	False	False	OK	missing	0	0	True	
NAT10	研究很少	False	False	False	False	OK	missing	0	0	True	
NAT9	研究很多	False	False	False	False	OK	missing	0	0	True	
NBN	研究很少	False	False	False	False	OK	missing	0	0	True	
NBPF4	研究很多	False	False	False	False	OK	missing	0	0	True	
NBPF6	研究很多	False	False	False	False	OK	missing	0	0	True	
NCL	研究很少	False	False	False	False	OK	missing	0	0	True	
NCOA2	研究很少	False	False	False	False	OK	missing	0	0	True	
NCOA6	研究很少	False	False	False	False	OK	missing	0	0	True	
NCOR1	研究很少	False	False	False	False	OK	missing	0	0	True	
NCOR2	研究很少	False	False	False	False	OK	missing	0	0	True	
NDUFA9	研究很多	False	False	False	False	OK	missing	0	0	True	
NECAB1	研究很多	False	False	False	False	OK	missing	0	0	True	
NEK8	研究很多	False	False	False	False	OK	missing	0	0	True	
NELFB	研究很少	False	False	False	False	OK	missing	0	0	True	
NEUROD1	研究很少	False	False	False	False	OK	missing	0	0	True	
NEUROD6	研究很少	False	False	False	False	OK	missing	0	0	True	
NEUROG1	研究很少	False	False	False	False	OK	missing	0	0	True	
NEUROG2	研究很少	False	False	False	False	OK	missing	0	0	True	
NEUROG3	研究很少	False	False	False	False	OK	missing	0	0	True	
NF1	研究很少	False	False	False	False	OK	missing	0	0	True	
NF2	研究很少	False	False	False	False	OK	missing	0	0	True	
NFAT5	研究很少	False	False	False	False	OK	missing	0	0	True	
NFATC1	研究很少	False	False	False	False	OK	missing	0	0	True	
NFE2L2	研究很少	False	False	False	False	OK	missing	0	0	True	
NFIA	研究很少	False	False	False	False	OK	missing	0	0	True	
NFIB	研究很少	False	False	False	False	OK	missing	0	0	True	
NFKBIZ	研究很少	False	False	False	False	OK	missing	0	0	True	
NGFR	研究很少	False	False	False	False	OK	missing	0	0	True	
NHSL2	研究很多	False	False	False	False	OK	missing	0	0	True	
NIBAN2	研究很多	False	False	False	False	OK	missing	0	0	True	
NIPBL	研究很少	False	False	False	False	OK	missing	0	0	True	
NKPD1	研究很多	False	False	False	False	OK	missing	0	0	True	
NONO	研究很少	False	False	False	False	OK	missing	0	0	True	
NOS1	研究很少	False	False	False	False	OK	missing	0	0	True	
NOTCH1	研究很少	False	False	False	False	OK	missing	0	0	True	
NOTCH3	研究很少	False	False	False	False	OK	missing	0	0	True	
NPHP3	研究很多	False	False	False	False	OK	missing	0	0	True	
NPM1	研究很少	False	False	False	False	OK	missing	0	0	True	
NPR1	研究很少	False	False	False	False	OK	missing	0	0	True	
NRF1	研究很少	False	False	False	False	OK	missing	0	0	True	
NRL	研究很少	False	False	False	False	OK	missing	0	0	True	
NSMAF	研究很多	False	False	False	False	OK	missing	0	0	True	
NTAN1	研究很多	False	False	False	False	OK	missing	0	0	True	
NUTM2E	研究很多	False	False	False	False	OK	missing	0	0	True	
NUTM2G	研究很多	False	False	False	False	OK	missing	0	0	True	
Nme2	Sheet1	False	False	False	False	OK	missing	0	0	True	
Nsmce3	重新pa一下	False	False	False	False	OK	missing	0	0	True	
OAF	研究很多	False	False	False	False	OK	missing	0	0	True	
OBI1	研究很多	False	False	False	False	OK	missing	0	0	True	
OGT	研究很少	False	False	False	False	OK	missing	0	0	True	
OLIG2	研究很少	False	False	False	False	OK	missing	0	0	True	
OSGIN2	研究很多	False	False	False	False	OK	missing	0	0	True	
OTX2	研究很少	False	False	False	False	OK	missing	0	0	True	
PABPN1	研究很少	False	False	False	False	OK	missing	0	0	True	
PACRGL	研究很多	False	False	False	False	OK	missing	0	0	True	
PAF1	研究很少	False	False	False	False	OK	missing	0	0	True	
PAX2	研究很少	False	False	False	False	OK	missing	0	0	True	
PAX3	研究很少	False	False	False	False	OK	missing	0	0	True	
PAX5	研究很少	False	False	False	False	OK	missing	0	0	True	
PAX6	研究很少	False	False	False	False	OK	missing	0	0	True	
PAX7	研究很少	False	False	False	False	OK	missing	0	0	True	
PAX8	研究很少	False	False	False	False	OK	missing	0	0	True	
PBDC1	研究很多	False	False	False	False	OK	missing	0	0	True	
PBRM1	研究很少	False	False	False	False	OK	missing	0	0	True	
PBX1	研究很少	False	False	False	False	OK	missing	0	0	True	
PCED1A	研究很多	False	False	False	False	OK	missing	0	0	True	
PCGF1	研究很少	False	False	False	False	OK	missing	0	0	True	
PCGF3	研究很少	False	False	False	False	OK	missing	0	0	True	
PCMTD1	研究很多	False	False	False	False	OK	missing	0	0	True	
PCMTD2	研究很多	False	False	False	False	OK	missing	0	0	True	
PCNA	研究很少	False	False	False	False	OK	missing	0	0	True	
PCNX1	研究很多	False	False	False	False	OK	missing	0	0	True	
PDC	研究很少	False	False	False	False	OK	missing	0	0	True	
PDS5A	研究很少	False	False	False	False	OK	missing	0	0	True	
PDX1	研究很少	False	False	False	False	OK	missing	0	0	True	
PDZD9	研究很多	False	False	False	False	OK	missing	0	0	True	
PDZRN3	研究很多	False	False	False	False	OK	missing	0	0	True	
PELI3	研究很多	False	False	False	False	OK	missing	0	0	True	
PER1	研究很少	False	False	False	False	OK	missing	0	0	True	
PER2	研究很少	False	False	False	False	OK	missing	0	0	True	
PER3	研究很少	False	False	False	False	OK	missing	0	0	True	
PHF6	研究很少	False	False	False	False	OK	missing	0	0	True	
PHF8	研究很少	False	False	False	False	OK	missing	0	0	True	
PHIP	研究很少	False	False	False	False	OK	missing	0	0	True	
PHLDB1	研究很多	False	False	False	False	OK	missing	0	0	True	
PHLDB3	研究很多	False	False	False	False	OK	missing	0	0	True	
PHOX2B	研究很少	False	False	False	False	OK	missing	0	0	True	
PIH1D2	研究很多	False	False	False	False	OK	missing	0	0	True	
PIR	研究很少	False	False	False	False	OK	missing	0	0	True	
PITX1	研究很少	False	False	False	False	OK	missing	0	0	True	
PITX2	研究很少	False	False	False	False	OK	missing	0	0	True	
PLAC8L1	研究很多	False	False	False	False	OK	missing	0	0	True	
PLEKHG1	研究很多	False	False	False	False	OK	missing	0	0	True	
PLEKHG2	研究很多	False	False	False	False	OK	missing	0	0	True	
PLPPR2	研究很多	False	False	False	False	OK	missing	0	0	True	
PMFBP1	研究很多	False	False	False	False	OK	missing	0	0	True	
PML	研究很少	False	False	False	False	OK	missing	0	0	True	
PNMA8A	研究很多	False	False	False	False	OK	missing	0	0	True	
PNPLA3	研究很少	False	False	False	False	OK	missing	0	0	True	
POC1B	研究很多	False	False	False	False	OK	missing	0	0	True	
POF1B	研究很多	False	False	False	False	OK	missing	0	0	True	
POFUT4	研究很多	False	False	False	False	OK	missing	0	0	True	
POGLUT3	研究很多	False	False	False	False	OK	missing	0	0	True	
POR	研究很少	False	False	False	False	OK	missing	0	0	True	
POU4F3	研究很少	False	False	False	False	OK	missing	0	0	True	
POU5F1	研究很少	False	False	False	False	OK	missing	0	0	True	
PP2D1	研究很多	False	False	False	False	OK	missing	0	0	True	
PPARA	研究很少	False	False	False	False	OK	missing	0	0	True	
PPARD	研究很少	False	False	False	False	OK	missing	0	0	True	
PPARG	研究很少	False	False	False	False	OK	missing	0	0	True	
PPIL6	研究很多	False	False	False	False	OK	missing	0	0	True	
PRC1	研究很少	False	False	False	False	OK	missing	0	0	True	
PRCC	研究很少	False	False	False	False	OK	missing	0	0	True	
PREB	研究很少	False	False	False	False	OK	missing	0	0	True	
PRELID2	研究很多	False	False	False	False	OK	missing	0	0	True	
PRELID3B	研究很多	False	False	False	False	OK	missing	0	0	True	
PRKDC	研究很少	False	False	False	False	OK	missing	0	0	True	
PROCA1	研究很多	False	False	False	False	OK	missing	0	0	True	
PRODH2	研究很多	False	False	False	False	OK	missing	0	0	True	
PROX1	研究很少	False	False	False	False	OK	missing	0	0	True	
PRR22	研究很多	False	False	False	False	OK	missing	0	0	True	
PRR23A	研究很多	False	False	False	False	OK	missing	0	0	True	
PRR23B	研究很多	False	False	False	False	OK	missing	0	0	True	
PRR23C	研究很多	False	False	False	False	OK	missing	0	0	True	
PRR23E	研究很多	False	False	False	False	OK	missing	0	0	True	
PRR29	研究很多	False	False	False	False	OK	missing	0	0	True	
PRR36	研究很多	False	False	False	False	OK	missing	0	0	True	
PRRT3	研究很多	False	False	False	False	OK	missing	0	0	True	
PRRT4	研究很多	False	False	False	False	OK	missing	0	0	True	
PRRX1	研究很少	False	False	False	False	OK	missing	0	0	True	
PRTFDC1	研究很多	False	False	False	False	OK	missing	0	0	True	
PSKH2	研究很多	False	False	False	False	OK	missing	0	0	True	
PTEN	研究很少	False	False	False	False	OK	missing	0	0	True	
PTF1A	研究很少	False	False	False	False	OK	missing	0	0	True	
PTHLH	研究很少	False	False	False	False	OK	missing	0	0	True	
PTRHD1	研究很多	False	False	False	False	OK	missing	0	0	True	
PVALB	研究很少	False	False	False	False	OK	missing	0	0	True	
Pin1	Sheet1	False	False	False	False	OK	missing	0	0	True	
Pou5f1	研究很少	False	False	False	False	OK	missing	0	0	True	
Ppan	Sheet1	False	False	False	False	OK	missing	0	0	True	
Prkx	重新pa一下	False	False	False	False	OK	missing	0	0	True	
Pttg1	Sheet1	False	False	False	False	OK	missing	0	0	True	
R3HCC1	研究很多	False	False	False	False	OK	missing	0	0	True	
R3HCC1L	研究很多	False	False	False	False	OK	missing	0	0	True	
RAB3GAP1	研究很多	False	False	False	False	OK	missing	0	0	True	
RAC1	研究很少	False	False	False	False	OK	missing	0	0	True	
RAN	研究很少	False	False	False	False	OK	missing	0	0	True	
RARA	研究很少	False	False	False	False	OK	missing	0	0	True	
RARG	研究很少	False	False	False	False	OK	missing	0	0	True	
RB1	研究很少	False	False	False	False	OK	missing	0	0	True	
RBP1	研究很少	False	False	False	False	OK	missing	0	0	True	
RBPJ	研究很少	False	False	False	False	OK	missing	0	0	True	
REC8	研究很少	False	False	False	False	OK	missing	0	0	True	
REDIC1	研究很多	False	False	False	False	OK	missing	0	0	True	
REL	研究很少	False	False	False	False	OK	missing	0	0	True	
RELA	研究很少	False	False	False	False	OK	missing	0	0	True	
RELB	研究很少	False	False	False	False	OK	missing	0	0	True	
RERGL	研究很多	False	False	False	False	OK	missing	0	0	True	
REST	研究很少	False	False	False	False	OK	missing	0	0	True	
RETREG3	研究很多	False	False	False	False	OK	missing	0	0	True	
RFPL2	研究很多	False	False	False	False	OK	missing	0	0	True	
RHCE	研究很多	False	False	False	False	OK	missing	0	0	True	
RIF1	研究很少	False	False	False	False	OK	missing	0	0	True	
RIIAD1	研究很多	False	False	False	False	OK	missing	0	0	True	
RIMOC1	研究很多	False	False	False	False	OK	missing	0	0	True	
RIMS4	研究很多	False	False	False	False	OK	missing	0	0	True	
RING1	研究很少	False	False	False	False	OK	missing	0	0	True	
RIPK3	研究很少	False	False	False	False	OK	missing	0	0	True	
RNASEH1	研究很少	False	False	False	False	OK	missing	0	0	True	
RORA	研究很少	False	False	False	False	OK	missing	0	0	True	
RORC	研究很少	False	False	False	False	OK	missing	0	0	True	
RP2	研究很少	False	False	False	False	OK	missing	0	0	True	
RSPH14	研究很多	False	False	False	False	OK	missing	0	0	True	
RTF1	研究很少	False	False	False	False	OK	missing	0	0	True	
RUNDC1	研究很多	False	False	False	False	OK	missing	0	0	True	
RUNX1	研究很少	False	False	False	False	OK	missing	0	0	True	
RUNX2	研究很少	False	False	False	False	OK	missing	0	0	True	
RUNX3	研究很少	False	False	False	False	OK	missing	0	0	True	
RXRA	研究很少	False	False	False	False	OK	missing	0	0	True	
RXYLT1	研究很多	False	False	False	False	OK	missing	0	0	True	
RYBP	研究很少	False	False	False	False	OK	missing	0	0	True	
Ran	研究很少	False	False	False	False	OK	missing	0	0	True	
S100Z	研究很多	False	False	False	False	OK	missing	0	0	True	
SACK1G	研究很多	False	False	False	False	OK	missing	0	0	True	
SAMD15	研究很多	False	False	False	False	OK	missing	0	0	True	
SAMHD1	研究很少	False	False	False	False	OK	missing	0	0	True	
SANBR	研究很多	False	False	False	False	OK	missing	0	0	True	
SATB1	研究很少	False	False	False	False	OK	missing	0	0	True	
SATB2	研究很少	False	False	False	False	OK	missing	0	0	True	
SATL1	研究很多	False	False	False	False	OK	missing	0	0	True	
SCARF2	研究很多	False	False	False	False	OK	missing	0	0	True	
SCX	研究很少	False	False	False	False	OK	missing	0	0	True	
SDR39U1	研究很多	False	False	False	False	OK	missing	0	0	True	
SEPTIN5	研究很多	False	False	False	False	OK	missing	0	0	True	
SERTAD1	研究很多	False	False	False	False	OK	missing	0	0	True	
SET	研究很少	False	False	False	False	OK	missing	0	0	True	
SETX	研究很少	False	False	False	False	OK	missing	0	0	True	
SHE	研究很少	False	False	False	False	OK	missing	0	0	True	
SIMC1	研究很多	False	False	False	False	OK	missing	0	0	True	
SIRPB2	研究很多	False	False	False	False	OK	missing	0	0	True	
SIX1	研究很少	False	False	False	False	OK	missing	0	0	True	
SIX2	研究很少	False	False	False	False	OK	missing	0	0	True	
SKI	研究很少	False	False	False	False	OK	missing	0	0	True	
SMAD1	研究很少	False	False	False	False	OK	missing	0	0	True	
SMAD2	研究很少	False	False	False	False	OK	missing	0	0	True	
SMAD3	研究很少	False	False	False	False	OK	missing	0	0	True	
SMAD4	研究很少	False	False	False	False	OK	missing	0	0	True	
SMCHD1	研究很少	False	False	False	False	OK	missing	0	0	True	
SMKR1	研究很多	False	False	False	False	OK	missing	0	0	True	
SMS	研究很少	False	False	False	False	OK	missing	0	0	True	
SMTNL2	研究很多	False	False	False	False	OK	missing	0	0	True	
SOD1	研究很少	False	False	False	False	OK	missing	0	0	True	
SOWAHB	研究很多	False	False	False	False	OK	missing	0	0	True	
SOX1	研究很少	False	False	False	False	OK	missing	0	0	True	
SOX10	研究很少	False	False	False	False	OK	missing	0	0	True	
SOX11	研究很少	False	False	False	False	OK	missing	0	0	True	
SOX13	研究很少	False	False	False	False	OK	missing	0	0	True	
SOX17	研究很少	False	False	False	False	OK	missing	0	0	True	
SOX2	研究很少	False	False	False	False	OK	missing	0	0	True	
SOX3	研究很少	False	False	False	False	OK	missing	0	0	True	
SOX4	研究很少	False	False	False	False	OK	missing	0	0	True	
SOX6	研究很少	False	False	False	False	OK	missing	0	0	True	
SOX9	研究很少	False	False	False	False	OK	missing	0	0	True	
SP1	研究很少	False	False	False	False	OK	missing	0	0	True	
SP2	研究很少	False	False	False	False	OK	missing	0	0	True	
SP3	研究很少	False	False	False	False	OK	missing	0	0	True	
SP4	研究很少	False	False	False	False	OK	missing	0	0	True	
SP8	研究很少	False	False	False	False	OK	missing	0	0	True	
SPANXN2	研究很多	False	False	False	False	OK	missing	0	0	True	
SPANXN3	研究很多	False	False	False	False	OK	missing	0	0	True	
SPANXN4	研究很多	False	False	False	False	OK	missing	0	0	True	
SPATA12	研究很多	False	False	False	False	OK	missing	0	0	True	
SPATA17	研究很多	False	False	False	False	OK	missing	0	0	True	
SPATA2L	研究很多	False	False	False	False	OK	missing	0	0	True	
SPATA31F1	研究很多	False	False	False	False	OK	missing	0	0	True	
SPATA45	研究很多	False	False	False	False	OK	missing	0	0	True	
SPATS1	研究很多	False	False	False	False	OK	missing	0	0	True	
SPEN	研究很少	False	False	False	False	OK	missing	0	0	True	
SPI1	研究很少	False	False	False	False	OK	missing	0	0	True	
SPIB	研究很少	False	False	False	False	OK	missing	0	0	True	
SPN	研究很少	False	False	False	False	OK	missing	0	0	True	
SPO11	研究很少	False	False	False	False	OK	missing	0	0	True	
SPR	研究很少	False	False	False	False	OK	missing	0	0	True	
SPRYD3	研究很多	False	False	False	False	OK	missing	0	0	True	
SPRYD4	研究很多	False	False	False	False	OK	missing	0	0	True	
SRARP	研究很多	False	False	False	False	OK	missing	0	0	True	
SRCAP	研究很少	False	False	False	False	OK	missing	0	0	True	
SRF	研究很少	False	False	False	False	OK	missing	0	0	True	
SRI	研究很少	False	False	False	False	OK	missing	0	0	True	
SRY	研究很少	False	False	False	False	OK	missing	0	0	True	
SS18	研究很少	False	False	False	False	OK	missing	0	0	True	
SSRP1	研究很少	False	False	False	False	OK	missing	0	0	True	
SSX1	研究很少	False	False	False	False	OK	missing	0	0	True	
SSX2	研究很少	False	False	False	False	OK	missing	0	0	True	
SSX3	研究很多	False	False	False	False	OK	missing	0	0	True	
SSX4B	研究很多	False	False	False	False	OK	missing	0	0	True	
SSX5	研究很多	False	False	False	False	OK	missing	0	0	True	
SSX7	研究很多	False	False	False	False	OK	missing	0	0	True	
ST6GALNAC4	研究很多	False	False	False	False	OK	missing	0	0	True	
STAG1	研究很少	False	False	False	False	OK	missing	0	0	True	
STAG2	研究很少	False	False	False	False	OK	missing	0	0	True	
STAT1	研究很少	False	False	False	False	OK	missing	0	0	True	
STAT2	研究很少	False	False	False	False	OK	missing	0	0	True	
STAT3	研究很少	False	False	False	False	OK	missing	0	0	True	
STAT4	研究很少	False	False	False	False	OK	missing	0	0	True	
STAT5A	研究很少	False	False	False	False	OK	missing	0	0	True	
STAT5B	研究很少	False	False	False	False	OK	missing	0	0	True	
STAT6	研究很少	False	False	False	False	OK	missing	0	0	True	
STH	研究很少	False	False	False	False	OK	missing	0	0	True	
STRA8	研究很少	False	False	False	False	OK	missing	0	0	True	
STRAP	研究很少	False	False	False	False	OK	missing	0	0	True	
SUB1	研究很少	False	False	False	False	OK	missing	0	0	True	
SULT1B1	研究很多	False	False	False	False	OK	missing	0	0	True	
SULT2B1	研究很少	False	False	False	False	OK	missing	0	0	True	
SUN1	研究很少	False	False	False	False	OK	missing	0	0	True	
SUSD1	研究很多	False	False	False	False	OK	missing	0	0	True	
SUV39H1	研究很少	False	False	False	False	OK	missing	0	0	True	
SUV39H2	研究很少	False	False	False	False	OK	missing	0	0	True	
SUZ12	研究很少	False	False	False	False	OK	missing	0	0	True	
SYT10	研究很少	False	False	False	False	OK	missing	0	0	True	
Selenbp1	Sheet1	False	False	False	False	OK	missing	0	0	True	
Set	研究很少	False	False	False	False	OK	missing	0	0	True	
Slx1b	重新pa一下	False	False	False	False	OK	missing	0	0	True	
Smn1	Sheet1	False	False	False	False	OK	missing	0	0	True	
Snurf	Sheet1	False	False	False	False	OK	missing	0	0	True	
Sohlh2	Sheet1	False	False	False	False	OK	missing	0	0	True	
Sp100	Sheet1	False	False	False	False	OK	missing	0	0	True	
Spop	Sheet1	False	False	False	False	OK	missing	0	0	True	
Sycp3	Sheet1	False	False	False	False	OK	missing	0	0	True	
TACSTD2	研究很少	False	False	False	False	OK	missing	0	0	True	
TAL1	研究很少	False	False	False	False	OK	missing	0	0	True	
TANK	研究很少	False	False	False	False	OK	missing	0	0	True	
TARDBP	研究很少	False	False	False	False	OK	missing	0	0	True	
TAS2R5	研究很多	False	False	False	False	OK	missing	0	0	True	
TASOR	研究很少	False	False	False	False	OK	missing	0	0	True	
TBC1D10C	研究很多	False	False	False	False	OK	missing	0	0	True	
TBC1D12	研究很多	False	False	False	False	OK	missing	0	0	True	
TBC1D19	研究很多	False	False	False	False	OK	missing	0	0	True	
TBC1D28	研究很多	False	False	False	False	OK	missing	0	0	True	
TBC1D9B	研究很多	False	False	False	False	OK	missing	0	0	True	
TBK1	研究很少	False	False	False	False	OK	missing	0	0	True	
TBP	研究很少	False	False	False	False	OK	missing	0	0	True	
TBX1	研究很少	False	False	False	False	OK	missing	0	0	True	
TBX18	研究很少	False	False	False	False	OK	missing	0	0	True	
TBX2	研究很少	False	False	False	False	OK	missing	0	0	True	
TBX21	研究很少	False	False	False	False	OK	missing	0	0	True	
TBX3	研究很少	False	False	False	False	OK	missing	0	0	True	
TBX5	研究很少	False	False	False	False	OK	missing	0	0	True	
TCEANC	研究很多	False	False	False	False	OK	missing	0	0	True	
TCF21	研究很少	False	False	False	False	OK	missing	0	0	True	
TCF3	研究很少	False	False	False	False	OK	missing	0	0	True	
TCF4	研究很少	False	False	False	False	OK	missing	0	0	True	
TCF7	研究很少	False	False	False	False	OK	missing	0	0	True	
TCF7L2	研究很少	False	False	False	False	OK	missing	0	0	True	
TCL1A	研究很少	False	False	False	False	OK	missing	0	0	True	
TCP11L2	研究很多	False	False	False	False	OK	missing	0	0	True	
TDG	研究很少	False	False	False	False	OK	missing	0	0	True	
TEAD1	研究很少	False	False	False	False	OK	missing	0	0	True	
TEAD4	研究很少	False	False	False	False	OK	missing	0	0	True	
TEDC1	研究很多	False	False	False	False	OK	missing	0	0	True	
TEDC2	研究很多	False	False	False	False	OK	missing	0	0	True	
TEF	研究很少	False	False	False	False	OK	missing	0	0	True	
TERT	研究很少	False	False	False	False	OK	missing	0	0	True	
TET2	研究很少	False	False	False	False	OK	missing	0	0	True	
TET3	研究很少	False	False	False	False	OK	missing	0	0	True	
TEX13C	研究很多	False	False	False	False	OK	missing	0	0	True	
TEX261	研究很多	False	False	False	False	OK	missing	0	0	True	
TEX35	研究很多	False	False	False	False	OK	missing	0	0	True	
TEX52	研究很多	False	False	False	False	OK	missing	0	0	True	
TEX9	研究很多	False	False	False	False	OK	missing	0	0	True	
TFAP2A	研究很少	False	False	False	False	OK	missing	0	0	True	
TFAP2C	研究很少	False	False	False	False	OK	missing	0	0	True	
TFE3	研究很少	False	False	False	False	OK	missing	0	0	True	
TFEB	研究很少	False	False	False	False	OK	missing	0	0	True	
TGDS	研究很多	False	False	False	False	OK	missing	0	0	True	
TH	研究很少	False	False	False	False	OK	missing	0	0	True	
THAP1	研究很少	False	False	False	False	OK	missing	0	0	True	
THSD7B	研究很多	False	False	False	False	OK	missing	0	0	True	
TKFC	研究很多	False	False	False	False	OK	missing	0	0	True	
TLCD4	研究很多	False	False	False	False	OK	missing	0	0	True	
TLR2	研究很少	False	False	False	False	OK	missing	0	0	True	
TM2D1	研究很多	False	False	False	False	OK	missing	0	0	True	
TMA7B	研究很多	False	False	False	False	OK	missing	0	0	True	
TMCO6	研究很多	False	False	False	False	OK	missing	0	0	True	
TMOD2	研究很多	False	False	False	False	OK	missing	0	0	True	
TMPPE	研究很多	False	False	False	False	OK	missing	0	0	True	
TMTC1	研究很多	False	False	False	False	OK	missing	0	0	True	
TOR4A	研究很多	False	False	False	False	OK	missing	0	0	True	
TOX	研究很少	False	False	False	False	OK	missing	0	0	True	
TP53	研究很少	False	False	False	False	OK	missing	0	0	True	
TP63	研究很少	False	False	False	False	OK	missing	0	0	True	
TPR	研究很少	False	False	False	False	OK	missing	0	0	True	
TRAF6	研究很少	False	False	False	False	OK	missing	0	0	True	
TRIM24	研究很少	False	False	False	False	OK	missing	0	0	True	
TRIM49D1	研究很多	False	False	False	False	OK	missing	0	0	True	
TRIM49D2	研究很多	False	False	False	False	OK	missing	0	0	True	
TRIM51	研究很多	False	False	False	False	OK	missing	0	0	True	
TRIM51G	研究很多	False	False	False	False	OK	missing	0	0	True	
TRIM60	研究很多	False	False	False	False	OK	missing	0	0	True	
TRIM61	研究很多	False	False	False	False	OK	missing	0	0	True	
TRIM65	研究很多	False	False	False	False	OK	missing	0	0	True	
TRMO	研究很多	False	False	False	False	OK	missing	0	0	True	
TRMT10B	研究很多	False	False	False	False	OK	missing	0	0	True	
TRMT9B	研究很多	False	False	False	False	OK	missing	0	0	True	
TSACC	研究很多	False	False	False	False	OK	missing	0	0	True	
TSPAN31	研究很多	False	False	False	False	OK	missing	0	0	True	
TSPAN32	研究很多	False	False	False	False	OK	missing	0	0	True	
TSPYL6	研究很多	False	False	False	False	OK	missing	0	0	True	
TSTD2	研究很多	False	False	False	False	OK	missing	0	0	True	
TTBK1	研究很多	False	False	False	False	OK	missing	0	0	True	
TTC12	研究很多	False	False	False	False	OK	missing	0	0	True	
TTC13	研究很多	False	False	False	False	OK	missing	0	0	True	
TTC24	研究很多	False	False	False	False	OK	missing	0	0	True	
TTC31	研究很多	False	False	False	False	OK	missing	0	0	True	
TTC32	研究很多	False	False	False	False	OK	missing	0	0	True	
TTC39C	研究很多	False	False	False	False	OK	missing	0	0	True	
TTC9	研究很多	False	False	False	False	OK	missing	0	0	True	
TTC9B	研究很多	False	False	False	False	OK	missing	0	0	True	
TTC9C	研究很多	False	False	False	False	OK	missing	0	0	True	
TTF1	研究很少	False	False	False	False	OK	missing	0	0	True	
TTLL2	研究很多	False	False	False	False	OK	missing	0	0	True	
TTLL9	研究很多	False	False	False	False	OK	missing	0	0	True	
TWIST1	研究很少	False	False	False	False	OK	missing	0	0	True	
TXNIP	研究很少	False	False	False	False	OK	missing	0	0	True	
TYSND1	研究很多	False	False	False	False	OK	missing	0	0	True	
TYW1B	研究很多	False	False	False	False	OK	missing	0	0	True	
Tex19.2	研究很多	False	False	False	False	OK	missing	0	0	True	
Tfdp1	Sheet1	False	False	False	False	OK	missing	0	0	True	
Tincr	Sheet1	False	False	False	False	OK	missing	0	0	True	
Tspyl1	重新pa一下	False	False	False	False	OK	missing	0	0	True	
UCK1	研究很多	False	False	False	False	OK	missing	0	0	True	
UFC1	研究很多	False	False	False	False	OK	missing	0	0	True	
UMAD1	研究很多	False	False	False	False	OK	missing	0	0	True	
USF1	研究很少	False	False	False	False	OK	missing	0	0	True	
Ubtfl1	研究很多	False	False	False	False	OK	missing	0	0	True	
VCP	研究很少	False	False	False	False	OK	missing	0	0	True	
VDR	研究很少	False	False	False	False	OK	missing	0	0	True	
VHL	研究很少	False	False	False	False	OK	missing	0	0	True	
VOPP1	研究很多	False	False	False	False	OK	missing	0	0	True	
VPS33A	研究很多	False	False	False	False	OK	missing	0	0	True	
VSIG2	研究很多	False	False	False	False	OK	missing	0	0	True	
VSX2	研究很少	False	False	False	False	OK	missing	0	0	True	
VWA3B	研究很多	False	False	False	False	OK	missing	0	0	True	
VWA5B2	研究很多	False	False	False	False	OK	missing	0	0	True	
WAPL	研究很少	False	False	False	False	OK	missing	0	0	True	
WDCP	研究很多	False	False	False	False	OK	missing	0	0	True	
WDR25	研究很多	False	False	False	False	OK	missing	0	0	True	
WDR27	研究很多	False	False	False	False	OK	missing	0	0	True	
WDR31	研究很多	False	False	False	False	OK	missing	0	0	True	
WDR41	研究很多	False	False	False	False	OK	missing	0	0	True	
WDR5	研究很少	False	False	False	False	OK	missing	0	0	True	
WDR86	研究很多	False	False	False	False	OK	missing	0	0	True	
WDR88	研究很多	False	False	False	False	OK	missing	0	0	True	
WRN	研究很少	False	False	False	False	OK	missing	0	0	True	
WSCD1	研究很多	False	False	False	False	OK	missing	0	0	True	
WT1	研究很少	False	False	False	False	OK	missing	0	0	True	
Wdr20	重新pa一下	False	False	False	False	OK	missing	0	0	True	
XAGE1B	研究很多	False	False	False	False	OK	missing	0	0	True	
XAGE5	研究很多	False	False	False	False	OK	missing	0	0	True	
XBP1	研究很少	False	False	False	False	OK	missing	0	0	True	
XNDC1N	研究很多	False	False	False	False	OK	missing	0	0	True	
XPC	研究很少	False	False	False	False	OK	missing	0	0	True	
XRCC4	研究很少	False	False	False	False	OK	missing	0	0	True	
YAP1	研究很少	False	False	False	False	OK	missing	0	0	True	
YY1	研究很少	False	False	False	False	OK	missing	0	0	True	
ZAR1L	研究很多	False	False	False	False	OK	missing	0	0	True	
ZBP1	研究很少	False	False	False	False	OK	missing	0	0	True	
ZNRF2	研究很多	False	False	False	False	OK	missing	0	0	True	
ZYG11A	研究很多	False	False	False	False	OK	missing	0	0	True	
merged_symbol	Sheet1|重新pa一下	False	False	False	False	OK	missing	0	0	True	
